duration,src_bytes,dst_bytes,wrong_fragment,urgent,hot,num_failed_logins,logged_in,count,srv_count,label
5565,46269,32499,1,0,7,4,0,82,53,1
472,3177,1804,0,0,0,0,1,91,38,0
1643,83353,84569,3,1,6,4,0,189,72,1
368,3633,1727,0,0,0,0,1,47,17,0
2912,47429,59659,2,1,2,4,0,120,27,1
6696,32302,38005,1,0,6,1,0,184,31,1
512,2043,7,0,0,1,0,1,43,30,0
2335,54570,76185,4,0,9,2,0,125,40,1
387,2482,939,0,0,0,0,1,25,44,0
2192,24222,28723,4,1,5,1,0,125,62,1
504,1252,529,0,0,0,0,1,35,8,0
5213,88600,29845,4,0,2,1,0,97,46,1
6856,34813,75309,1,1,5,1,0,157,45,1
883,4203,147,0,0,0,0,1,63,6,0
159,2708,4211,0,0,0,0,1,49,1,0
385,4711,2137,0,0,0,0,1,93,26,0
276,2682,4431,0,0,1,0,1,46,1,0
40,302,2381,0,0,0,0,1,5,7,0
2140,8443,92362,1,0,4,2,0,99,71,1
1498,81311,41113,1,1,4,4,0,156,30,1
179,1771,282,0,0,0,0,1,68,22,0
8601,54703,39206,1,0,9,3,0,69,22,1
3630,38332,79599,1,1,2,1,0,136,96,1
4178,12853,43104,4,0,2,2,0,140,68,1
3155,19799,23705,2,0,8,2,0,75,70,1
729,1887,3778,0,0,0,0,1,77,15,0
9872,78805,64180,4,0,6,3,0,63,60,1
315,3041,1781,0,0,0,0,1,45,45,0
264,2469,3471,0,0,1,0,1,92,26,0
955,4780,158,0,0,0,0,1,44,37,0
896,4822,3983,0,0,0,0,1,91,14,0
470,1576,2285,0,0,0,0,1,26,47,0
612,153,2148,0,0,1,0,1,7,49,0
823,959,1854,0,0,0,0,1,29,19,0
8469,18016,29570,2,0,3,1,0,138,61,1
608,832,1985,0,0,0,0,1,81,38,0
3068,63560,10057,1,1,3,4,0,61,99,1
9792,46337,91155,1,0,2,3,0,88,78,1
1143,84795,16353,2,0,2,3,0,180,64,1
224,1570,1838,0,0,0,0,1,93,26,0
763,2055,1274,0,0,0,0,1,90,25,0
9518,45828,58915,3,1,6,4,0,155,84,1
648,375,406,0,0,0,0,1,84,38,0
349,171,4327,0,0,0,0,1,74,19,0
8080,60963,18503,2,0,6,3,0,92,95,1
633,3902,4643,0,0,1,0,1,61,1,0
853,4033,1508,0,0,1,0,1,65,13,0
57,3233,2657,0,0,1,0,1,39,40,0
776,4261,4005,0,0,1,0,1,28,26,0
8813,68879,92755,4,1,9,2,0,135,81,1
3841,96186,63047,4,1,3,3,0,135,29,1
358,235,2411,0,0,1,0,1,43,12,0
3062,95367,91184,4,0,4,2,0,150,33,1
838,4627,3726,0,0,0,0,1,16,11,0
933,3899,2079,0,0,0,0,1,98,32,0
4158,22929,94719,4,1,3,4,0,162,23,1
4512,38541,6132,1,1,7,4,0,93,55,1
6109,92505,94367,4,0,8,1,0,177,25,1
1609,95349,64902,3,0,4,4,0,86,22,1
763,3797,1585,0,0,0,0,1,27,46,0
3226,87464,17305,2,0,7,2,0,158,64,1
658,920,4183,0,0,1,0,1,36,15,0
5476,8516,60718,4,0,5,1,0,102,43,1
9497,16049,85703,2,0,3,2,0,159,97,1
8376,41404,7105,3,1,3,3,0,182,49,1
1294,33552,84553,2,1,6,1,0,138,31,1
389,207,3547,0,0,0,0,1,45,4,0
3962,62104,96529,4,0,9,2,0,88,58,1
726,2393,3192,0,0,1,0,1,86,8,0
9558,76051,32181,3,0,5,1,0,53,70,1
2813,31331,83052,2,1,3,1,0,147,27,1
151,2122,207,0,0,0,0,1,57,25,0
4956,18569,63026,1,1,4,3,0,114,40,1
4121,5495,19292,4,0,6,4,0,90,65,1
688,954,2962,0,0,0,0,1,6,35,0
186,2674,1546,0,0,0,0,1,68,37,0
1515,35373,10796,4,0,9,3,0,78,93,1
395,2604,1733,0,0,0,0,1,7,25,0
896,3030,2817,0,0,1,0,1,24,24,0
8509,83137,57066,3,0,2,3,0,57,95,1
241,4344,2340,0,0,1,0,1,84,17,0
495,4665,1449,0,0,0,0,1,30,2,0
3653,78948,70472,4,0,8,4,0,95,99,1
6254,92508,73706,4,1,8,2,0,170,52,1
3917,67013,79531,1,1,9,3,0,165,59,1
2079,33742,14969,3,0,6,1,0,84,23,1
8951,91923,94402,2,1,9,4,0,144,76,1
496,4177,4349,0,0,0,0,1,64,17,0
80,2712,3654,0,0,1,0,1,54,43,0
6730,26395,15976,4,0,9,3,0,167,58,1
2073,88767,63773,2,1,7,1,0,188,94,1
3716,55071,12910,3,1,2,1,0,195,96,1
524,723,1624,0,0,0,0,1,70,11,0
683,2035,9,0,0,0,0,1,78,31,0
7429,80118,94031,1,0,6,1,0,134,64,1
2128,16826,8435,2,1,6,2,0,111,63,1
93,492,38,0,0,1,0,1,59,41,0
2644,35825,89003,1,0,5,3,0,146,75,1
5658,79499,55713,4,0,2,4,0,92,72,1
9316,55341,78173,1,0,3,2,0,190,47,1
172,3965,1749,0,0,0,0,1,48,22,0
920,894,1899,0,0,1,0,1,20,15,0
32,3495,2190,0,0,0,0,1,74,26,0
6209,39695,66869,2,0,6,4,0,131,58,1
376,1994,3364,0,0,1,0,1,34,29,0
857,988,4688,0,0,0,0,1,32,46,0
95,390,369,0,0,1,0,1,22,44,0
233,3391,714,0,0,1,0,1,44,13,0
126,488,3632,0,0,0,0,1,10,48,0
971,4225,3804,0,0,0,0,1,75,14,0
216,317,830,0,0,0,0,1,60,35,0
6673,16618,43445,4,0,9,1,0,189,44,1
5566,96229,5229,3,1,3,3,0,189,30,1
6596,84872,20385,2,0,3,1,0,177,30,1
998,3972,663,0,0,1,0,1,28,47,0
403,1625,4406,0,0,1,0,1,41,13,0
7636,92347,54756,3,0,4,4,0,121,81,1
501,3144,1283,0,0,0,0,1,51,49,0
952,126,707,0,0,1,0,1,28,18,0
6521,83975,18186,3,1,6,4,0,96,49,1
7240,25805,83422,2,1,3,3,0,136,73,1
9975,20696,99699,1,1,9,1,0,188,64,1
3537,79797,30993,4,0,5,4,0,106,56,1
127,4688,399,0,0,1,0,1,14,47,0
421,4759,2562,0,0,0,0,1,61,39,0
2940,8491,74211,3,1,2,1,0,130,76,1
16,4547,536,0,0,0,0,1,93,25,0
753,3963,1633,0,0,0,0,1,28,42,0
2268,39565,97864,4,1,2,1,0,57,40,1
880,1645,341,0,0,1,0,1,98,40,0
4830,16814,48074,3,1,6,3,0,83,84,1
8602,59512,79099,2,0,2,1,0,145,39,1
419,1290,4621,0,0,1,0,1,63,37,0
920,4052,464,0,0,0,0,1,57,33,0
143,3998,2610,0,0,1,0,1,29,7,0
6968,15358,15737,3,0,6,2,0,131,83,1
3565,15367,27419,3,1,4,2,0,146,57,1
8970,30092,49013,1,0,5,3,0,62,62,1
4655,56962,25625,1,1,3,4,0,54,54,1
4534,51015,25608,4,1,3,4,0,138,47,1
4164,60087,53270,4,0,8,2,0,92,89,1
183,950,4145,0,0,1,0,1,68,49,0
3795,96288,8543,1,1,6,2,0,56,54,1
656,3356,4260,0,0,0,0,1,37,42,0
2627,66646,52657,3,1,9,2,0,179,82,1
407,2074,3042,0,0,1,0,1,72,9,0
452,310,1256,0,0,1,0,1,68,47,0
3799,75663,71844,3,1,3,3,0,64,89,1
347,1619,2501,0,0,0,0,1,59,40,0
52,2878,1390,0,0,0,0,1,77,5,0
5327,26876,18265,3,1,2,4,0,149,85,1
735,2720,4943,0,0,0,0,1,73,46,0
512,3990,377,0,0,0,0,1,24,16,0
6675,37355,76147,3,1,2,4,0,174,31,1
122,2336,3683,0,0,0,0,1,65,17,0
520,2125,4293,0,0,1,0,1,32,11,0
853,3850,424,0,0,0,0,1,78,39,0
3933,27486,70867,4,1,8,4,0,123,83,1
991,1252,1668,0,0,0,0,1,82,17,0
8788,18382,73993,2,0,9,1,0,50,60,1
757,4843,3537,0,0,1,0,1,25,21,0
8,4826,3291,0,0,1,0,1,5,47,0
455,3900,575,0,0,1,0,1,72,33,0
1662,93150,17224,1,1,5,2,0,184,73,1
8776,31639,60206,4,0,9,2,0,136,98,1
8080,53353,12856,4,0,9,1,0,157,50,1
4968,47907,61096,4,0,4,2,0,136,89,1
9844,13521,49565,3,1,9,1,0,183,67,1
159,224,2772,0,0,0,0,1,41,32,0
4569,40208,33400,1,0,8,2,0,125,26,1
2384,70679,35733,1,1,9,3,0,191,53,1
441,3430,460,0,0,0,0,1,83,46,0
8264,14589,35782,3,0,5,4,0,103,74,1
5897,10495,62557,4,1,3,3,0,56,81,1
719,1724,1523,0,0,0,0,1,62,7,0
2464,46139,65646,4,1,4,2,0,146,20,1
396,2383,4293,0,0,1,0,1,58,6,0
6663,45701,55227,4,1,4,3,0,76,57,1
875,3530,4724,0,0,1,0,1,94,45,0
8675,84790,38688,3,1,4,3,0,182,84,1
1262,36624,90945,1,1,7,1,0,172,56,1
176,1704,2010,0,0,0,0,1,4,49,0
3659,33716,98650,1,0,7,1,0,89,87,1
3237,62786,27340,3,0,6,3,0,75,40,1
24,2012,2003,0,0,0,0,1,71,47,0
42,3401,2649,0,0,0,0,1,84,45,0
5151,52663,42679,1,1,5,3,0,54,67,1
3244,52340,18237,2,1,2,4,0,127,58,1
3253,90042,71830,4,1,4,1,0,109,39,1
5103,77201,30251,3,1,6,2,0,137,69,1
603,4062,3291,0,0,0,0,1,90,46,0
441,2136,105,0,0,0,0,1,72,22,0
9346,14465,77255,2,1,2,4,0,52,23,1
639,2060,3865,0,0,0,0,1,4,1,0
686,3037,4009,0,0,0,0,1,37,22,0
48,2538,2964,0,0,0,0,1,34,29,0
1011,25085,65686,4,1,2,2,0,163,39,1
338,2994,3726,0,0,0,0,1,80,39,0
474,2632,3300,0,0,0,0,1,54,4,0
6585,63097,59401,2,1,8,4,0,157,48,1
8465,18731,8771,2,0,5,2,0,127,69,1
537,4683,4268,0,0,0,0,1,23,31,0
738,2362,302,0,0,0,0,1,33,43,0
252,1796,3983,0,0,1,0,1,97,40,0
995,1759,3725,0,0,1,0,1,51,18,0
224,2832,11,0,0,1,0,1,80,47,0
6560,47025,72306,1,0,8,2,0,59,49,1
9921,93992,35974,3,0,3,4,0,142,92,1
5675,79462,93719,1,0,2,3,0,50,79,1
343,3636,754,0,0,0,0,1,7,48,0
5813,44422,7850,1,0,6,1,0,104,52,1
166,1329,4573,0,0,0,0,1,29,12,0
996,3687,1408,0,0,0,0,1,67,24,0
14,2870,574,0,0,0,0,1,62,43,0
928,938,3562,0,0,0,0,1,93,23,0
2449,47982,93290,3,1,8,1,0,112,92,1
4809,58785,17963,1,1,6,2,0,181,81,1
945,3056,3713,0,0,0,0,1,68,24,0
579,989,1601,0,0,1,0,1,57,39,0
2499,34063,43259,3,1,5,4,0,67,48,1
440,2013,2274,0,0,0,0,1,67,9,0
742,919,3681,0,0,0,0,1,3,46,0
102,1639,3506,0,0,0,0,1,93,40,0
5683,89633,96356,1,1,7,2,0,193,25,1
7852,75134,62480,1,1,9,2,0,183,62,1
6269,88795,52708,3,0,2,2,0,114,41,1
882,4289,4107,0,0,0,0,1,9,39,0
555,3266,629,0,0,1,0,1,7,4,0
1198,76260,98789,2,1,7,4,0,83,81,1
103,4120,1679,0,0,0,0,1,84,13,0
5846,25316,40281,1,1,9,3,0,67,83,1
573,1917,1440,0,0,0,0,1,62,5,0
6074,62716,62196,3,1,4,2,0,81,98,1
4786,10629,58693,3,0,6,2,0,196,67,1
7924,32926,94654,4,1,7,3,0,51,25,1
935,984,1190,0,0,1,0,1,23,13,0
5159,9823,48678,4,0,7,1,0,66,81,1
637,3598,4293,0,0,0,0,1,78,15,0
8354,21692,27763,4,1,8,4,0,112,85,1
726,4124,3191,0,0,1,0,1,57,42,0
375,3681,3292,0,0,0,0,1,59,40,0
1490,94626,37888,1,0,4,2,0,82,96,1
19,3472,2557,0,0,1,0,1,82,9,0
408,4444,2290,0,0,0,0,1,65,41,0
6606,16211,8895,2,0,3,2,0,167,68,1
724,1753,2352,0,0,1,0,1,29,6,0
234,2084,1365,0,0,0,0,1,55,6,0
1437,80515,12373,1,0,7,3,0,71,35,1
947,1547,2096,0,0,0,0,1,67,44,0
1272,91840,47012,4,1,8,4,0,198,76,1
5471,97172,76743,4,1,9,1,0,57,87,1
202,3068,1316,0,0,1,0,1,82,12,0
7553,95777,49333,4,1,5,1,0,191,24,1
301,513,3201,0,0,1,0,1,65,36,0
4854,56028,90617,4,1,2,1,0,178,77,1
3363,31870,87357,3,0,2,4,0,116,61,1
53,4460,3926,0,0,0,0,1,84,8,0
750,3157,4214,0,0,0,0,1,74,4,0
5493,12435,95518,1,1,7,1,0,108,23,1
3657,18749,42534,1,0,9,3,0,125,52,1
454,137,4599,0,0,1,0,1,53,38,0
7362,78282,90879,4,1,6,4,0,100,56,1
459,4976,2071,0,0,1,0,1,54,29,0
6014,40919,51451,4,0,9,1,0,97,63,1
4969,44895,87994,1,1,5,1,0,68,66,1
3580,82654,67370,3,1,6,3,0,122,55,1
987,3876,3046,0,0,0,0,1,46,31,0
573,4206,1799,0,0,1,0,1,57,22,0
406,2928,1000,0,0,0,0,1,81,4,0
9579,84401,76356,3,0,3,4,0,179,29,1
1692,92759,89664,3,1,4,1,0,198,62,1
4225,23316,9581,1,1,4,2,0,153,52,1
17,2761,608,0,0,1,0,1,34,13,0
2191,35270,52218,1,1,9,3,0,68,85,1
9092,97509,20089,2,0,4,1,0,65,89,1
8798,37930,65926,1,0,6,1,0,192,33,1
790,3993,962,0,0,0,0,1,3,18,0
954,3057,4585,0,0,0,0,1,34,4,0
5270,34475,49247,2,0,5,2,0,184,66,1
681,1573,3986,0,0,0,0,1,59,21,0
1001,58997,64274,4,0,4,1,0,199,98,1
9611,88788,43169,4,0,6,3,0,93,40,1
188,3294,3359,0,0,0,0,1,54,25,0
8396,73199,29309,2,0,4,4,0,154,76,1
1746,90844,35544,3,0,5,3,0,125,26,1
818,2122,2914,0,0,0,0,1,17,45,0
729,477,2425,0,0,0,0,1,17,8,0
4197,52299,92580,3,1,7,2,0,58,43,1
897,4854,2365,0,0,0,0,1,81,26,0
406,2158,1014,0,0,1,0,1,60,35,0
2466,16283,36629,4,0,9,3,0,52,41,1
4553,84553,91394,1,0,3,1,0,70,78,1
4365,25698,91296,2,1,7,3,0,138,64,1
8016,29660,24157,1,0,7,4,0,193,60,1
655,3115,4494,0,0,0,0,1,74,4,0
981,3228,1249,0,0,0,0,1,41,44,0
975,1984,1441,0,0,1,0,1,53,26,0
1687,98898,9700,2,1,4,2,0,167,93,1
2706,89181,88569,1,0,6,4,0,77,23,1
400,1500,1442,0,0,0,0,1,31,19,0
773,4226,2711,0,0,0,0,1,29,39,0
366,2180,1646,0,0,0,0,1,76,32,0
1585,8880,55222,2,0,7,1,0,133,23,1
9456,59633,48723,2,1,2,4,0,178,90,1
728,1285,4256,0,0,0,0,1,22,31,0
4462,48539,8285,3,1,9,1,0,111,35,1
8148,6299,28350,1,0,5,2,0,151,38,1
9697,19249,64473,1,0,6,1,0,117,78,1
414,728,3657,0,0,1,0,1,17,23,0
276,716,1977,0,0,0,0,1,21,19,0
8392,74904,52636,3,0,9,4,0,166,97,1
3598,50124,88028,1,1,9,2,0,122,37,1
4744,48965,57224,4,1,9,3,0,105,26,1
958,2270,923,0,0,0,0,1,48,18,0
3176,17379,68370,2,0,4,2,0,101,56,1
985,441,2645,0,0,1,0,1,62,43,0
3987,65408,16560,1,0,9,3,0,80,71,1
9219,48158,72560,3,0,3,2,0,170,24,1
7468,55654,61947,1,1,7,3,0,190,38,1
8164,73593,55390,1,0,3,4,0,72,86,1
699,4363,2382,0,0,0,0,1,47,21,0
5312,87234,65091,4,0,3,4,0,152,59,1
871,2660,3873,0,0,1,0,1,5,49,0
835,2597,3225,0,0,1,0,1,53,20,0
255,3385,3557,0,0,1,0,1,77,26,0
50,2058,571,0,0,0,0,1,69,43,0
8329,55726,26323,4,0,7,3,0,58,77,1
473,709,2376,0,0,0,0,1,49,28,0
7899,57797,34680,2,0,8,1,0,101,46,1
547,974,3390,0,0,1,0,1,39,16,0
669,3335,1826,0,0,0,0,1,86,38,0
876,3569,3088,0,0,1,0,1,24,28,0
1126,45870,96009,3,0,3,4,0,189,57,1
866,1622,671,0,0,0,0,1,2,23,0
488,3005,1125,0,0,1,0,1,78,49,0
1615,41160,80701,3,1,4,3,0,108,90,1
1,1205,2774,0,0,1,0,1,93,46,0
794,3517,3291,0,0,1,0,1,38,43,0
9635,20896,74351,2,0,4,2,0,121,92,1
7146,71214,30020,3,1,9,2,0,53,32,1
1924,32200,58502,3,0,8,2,0,156,53,1
709,922,2631,0,0,0,0,1,45,31,0
9082,10666,30757,1,0,8,4,0,132,32,1
750,4579,162,0,0,0,0,1,55,48,0
653,3629,4839,0,0,0,0,1,53,45,0
8209,49921,73222,1,1,6,4,0,126,63,1
778,2935,2472,0,0,1,0,1,19,4,0
2104,24073,26225,3,0,5,1,0,189,84,1
9890,94254,21984,1,0,9,2,0,168,58,1
723,3911,246,0,0,1,0,1,22,6,0
942,3812,4683,0,0,1,0,1,38,3,0
98,4841,4737,0,0,0,0,1,90,15,0
9415,10812,31811,4,1,7,4,0,136,24,1
6753,87800,65663,2,0,9,3,0,55,25,1
216,4432,619,0,0,0,0,1,44,6,0
119,3663,2567,0,0,0,0,1,41,17,0
5487,43507,8782,2,1,4,4,0,61,69,1
7004,59205,34592,3,0,2,2,0,82,22,1
8928,30938,63760,2,0,2,1,0,104,29,1
1371,49387,55711,3,1,7,4,0,87,67,1
115,4566,1950,0,0,0,0,1,96,24,0
954,2919,1343,0,0,0,0,1,76,44,0
444,1716,2125,0,0,0,0,1,61,34,0
574,4324,488,0,0,0,0,1,95,24,0
246,614,4040,0,0,1,0,1,53,20,0
517,2198,3603,0,0,0,0,1,3,4,0
8037,64305,53928,2,0,8,4,0,185,58,1
200,4225,2466,0,0,0,0,1,41,32,0
5571,22199,55755,3,0,9,4,0,191,66,1
691,2621,3635,0,0,1,0,1,88,8,0
6974,20823,51531,4,0,2,1,0,161,63,1
8440,27990,8513,2,0,5,2,0,136,31,1
315,2017,1,0,0,1,0,1,90,15,0
3330,24156,84888,2,1,4,1,0,96,39,1
5603,62889,45297,1,0,3,3,0,96,84,1
8257,8317,52599,2,1,8,2,0,120,90,1
180,1920,2710,0,0,1,0,1,81,33,0
6806,31183,90374,1,1,7,2,0,113,69,1
9683,82511,68767,1,1,6,3,0,196,90,1
7019,38757,66991,3,1,2,3,0,156,82,1
5056,32959,26575,4,0,6,4,0,198,44,1
219,933,1517,0,0,0,0,1,11,18,0
503,2079,1725,0,0,0,0,1,54,45,0
9516,43258,93780,3,1,6,4,0,129,85,1
7470,25836,94787,1,0,4,3,0,126,72,1
735,1711,2066,0,0,0,0,1,82,17,0
810,804,4837,0,0,0,0,1,43,17,0
6515,44148,40694,3,1,6,3,0,83,94,1
907,3359,1613,0,0,1,0,1,89,33,0
3261,65654,97918,2,0,5,2,0,140,80,1
9543,89685,82926,1,0,2,2,0,75,32,1
1178,63560,60982,2,1,4,1,0,120,43,1
959,2490,94,0,0,1,0,1,15,6,0
969,849,226,0,0,1,0,1,62,28,0
902,609,4798,0,0,1,0,1,67,35,0
177,105,2591,0,0,0,0,1,15,7,0
2652,35251,22138,3,1,2,2,0,174,71,1
1463,84980,99533,4,1,2,1,0,190,42,1
373,1252,140,0,0,0,0,1,92,38,0
824,454,2355,0,0,0,0,1,16,11,0
868,1895,574,0,0,0,0,1,53,12,0
282,2958,3022,0,0,1,0,1,8,46,0
41,1007,1861,0,0,1,0,1,27,40,0
159,704,1304,0,0,0,0,1,27,23,0
815,722,2496,0,0,1,0,1,22,40,0
6002,20792,9551,3,1,5,3,0,175,53,1
5593,89146,26577,4,0,7,4,0,187,67,1
571,3417,4153,0,0,1,0,1,36,10,0
4982,66868,42201,4,1,6,2,0,142,66,1
7828,73619,65740,1,0,2,3,0,129,57,1
822,4197,365,0,0,1,0,1,90,2,0
195,892,2085,0,0,0,0,1,94,47,0
1446,26411,51073,4,1,8,1,0,58,59,1
885,778,2211,0,0,0,0,1,79,34,0
345,1358,3052,0,0,0,0,1,16,2,0
4096,80148,54464,2,0,6,2,0,154,21,1
974,3850,4419,0,0,1,0,1,74,37,0
562,1848,1394,0,0,1,0,1,2,12,0
563,467,4589,0,0,0,0,1,6,28,0
2990,29014,15702,1,0,5,3,0,183,44,1
46,4111,1567,0,0,0,0,1,59,12,0
931,2597,4358,0,0,0,0,1,26,23,0
8370,16154,39929,4,0,5,2,0,182,95,1
369,3004,562,0,0,1,0,1,66,26,0
2725,15828,51660,2,1,6,4,0,124,82,1
3681,52761,47719,4,0,2,3,0,86,25,1
5780,47281,77069,4,1,6,3,0,86,21,1
8984,99615,82603,1,0,7,1,0,80,27,1
9711,25056,40187,3,1,3,2,0,166,89,1
6615,99684,5074,3,1,2,1,0,79,72,1
194,4524,261,0,0,0,0,1,59,6,0
3693,17126,99346,2,0,2,1,0,140,97,1
4637,67514,94846,3,0,8,3,0,174,71,1
819,1636,4531,0,0,1,0,1,29,37,0
8996,20994,73519,4,0,3,1,0,111,65,1
7413,8385,51057,3,1,8,2,0,83,37,1
6543,47317,65231,3,1,5,2,0,138,29,1
546,2054,3069,0,0,0,0,1,57,12,0
111,4380,1540,0,0,1,0,1,47,40,0
2312,73447,27760,3,0,5,1,0,150,21,1
21,946,2725,0,0,0,0,1,96,13,0
460,2590,3828,0,0,1,0,1,46,19,0
4138,97071,26252,2,1,9,2,0,68,67,1
640,4873,1640,0,0,0,0,1,35,12,0
1494,8681,10544,1,0,3,2,0,80,43,1
571,1240,3576,0,0,0,0,1,87,49,0
252,458,226,0,0,1,0,1,49,13,0
3670,87928,86171,4,1,6,2,0,145,73,1
267,10,922,0,0,1,0,1,92,49,0
5306,14327,84910,3,1,3,3,0,73,88,1
138,918,4585,0,0,1,0,1,71,12,0
8837,86731,70149,4,0,8,4,0,166,61,1
860,1824,1266,0,0,0,0,1,71,4,0
8604,90643,23051,4,0,7,4,0,191,24,1
3568,71381,9655,4,1,2,2,0,80,28,1
1478,24751,41445,2,0,4,2,0,158,59,1
863,2443,2349,0,0,0,0,1,40,10,0
4150,12367,28535,4,0,7,2,0,190,30,1
1626,44385,70864,1,0,9,2,0,109,32,1
699,1409,3850,0,0,0,0,1,15,13,0
232,77,372,0,0,0,0,1,85,11,0
232,1332,3883,0,0,1,0,1,53,31,0
74,1933,2630,0,0,1,0,1,19,1,0
6901,5992,81768,2,0,7,4,0,123,21,1
37,4150,3229,0,0,1,0,1,17,38,0
563,2449,1681,0,0,0,0,1,48,20,0
870,3421,3673,0,0,1,0,1,6,19,0
372,4197,2555,0,0,1,0,1,25,25,0
972,1118,943,0,0,1,0,1,96,33,0
401,4433,4869,0,0,0,0,1,7,23,0
282,4064,72,0,0,1,0,1,65,45,0
669,3894,772,0,0,1,0,1,69,36,0
108,4543,3384,0,0,1,0,1,12,48,0
2243,79205,25655,4,0,8,1,0,70,85,1
8099,86494,78705,3,0,9,1,0,94,85,1
190,3190,456,0,0,1,0,1,68,8,0
607,4435,2325,0,0,0,0,1,1,15,0
160,3212,4576,0,0,1,0,1,78,16,0
509,1863,4016,0,0,0,0,1,22,29,0
2342,77778,92904,4,1,9,1,0,193,28,1
4153,35111,34086,2,1,8,3,0,144,95,1
7256,15763,52058,1,0,2,3,0,169,59,1
410,1908,20,0,0,0,0,1,59,30,0
680,1792,2556,0,0,0,0,1,27,48,0
4494,8326,86899,4,0,8,2,0,52,42,1
4618,51097,64025,1,0,8,3,0,57,52,1
396,2265,3083,0,0,0,0,1,23,5,0
293,1857,3040,0,0,0,0,1,26,29,0
675,2768,1991,0,0,0,0,1,13,33,0
130,536,1016,0,0,1,0,1,62,22,0
7772,49115,50406,1,1,5,3,0,77,79,1
134,3376,4406,0,0,0,0,1,16,37,0
4199,56024,61799,4,1,8,2,0,99,55,1
827,4826,4795,0,0,0,0,1,78,1,0
919,4135,593,0,0,0,0,1,51,17,0
36,3020,431,0,0,0,0,1,56,38,0
4715,90155,28840,1,1,3,4,0,184,59,1
705,4243,1012,0,0,0,0,1,58,44,0
2514,6168,24613,1,0,6,4,0,54,96,1
851,4494,361,0,0,1,0,1,50,27,0
2754,81208,80282,1,0,2,4,0,144,69,1
91,2866,2444,0,0,0,0,1,17,12,0
142,1567,2551,0,0,1,0,1,62,47,0
2184,9763,78548,2,1,4,1,0,94,22,1
9236,28956,91246,1,0,7,1,0,103,77,1
4129,31183,25187,1,1,6,1,0,58,51,1
9514,23830,90657,1,1,9,2,0,136,81,1
766,1605,1327,0,0,0,0,1,46,4,0
9081,98860,72863,4,1,3,2,0,103,99,1
5535,47919,91551,2,0,6,3,0,141,43,1
986,1761,3485,0,0,0,0,1,52,36,0
384,3110,1300,0,0,0,0,1,94,20,0
149,4193,2279,0,0,0,0,1,86,21,0
2231,98109,79255,4,0,4,3,0,97,35,1
1240,37332,22558,2,0,4,2,0,66,91,1
1548,88732,94647,1,0,9,3,0,63,46,1
633,2428,689,0,0,1,0,1,5,8,0
267,2343,4097,0,0,0,0,1,91,8,0
5908,11997,62676,1,1,8,2,0,179,77,1
3965,8720,17161,3,1,9,2,0,183,21,1
5938,93442,97705,4,1,5,1,0,155,39,1
651,1854,3874,0,0,1,0,1,67,48,0
4084,92475,47929,3,0,2,4,0,161,67,1
498,53,1778,0,0,0,0,1,69,30,0
114,4255,2023,0,0,1,0,1,75,39,0
61,3930,1326,0,0,1,0,1,18,27,0
392,3798,2293,0,0,1,0,1,80,48,0
345,4807,3906,0,0,1,0,1,60,11,0
169,284,1719,0,0,0,0,1,35,45,0
1857,7567,55639,1,0,6,2,0,71,32,1
2311,62196,33036,1,0,2,2,0,103,71,1
6966,65102,5555,3,0,4,4,0,68,37,1
372,384,3665,0,0,1,0,1,86,34,0
834,1868,3137,0,0,0,0,1,17,8,0
347,3676,3157,0,0,0,0,1,97,43,0
4174,70030,47578,1,0,9,2,0,170,51,1
3296,20504,30345,2,0,2,1,0,84,84,1
190,590,4666,0,0,0,0,1,74,4,0
171,164,4223,0,0,0,0,1,73,41,0
2203,62241,17537,1,1,9,1,0,61,76,1
95,4170,1667,0,0,0,0,1,93,5,0
2985,41110,46256,2,0,3,4,0,60,42,1
2873,49755,8052,3,0,4,1,0,94,47,1
7155,49264,32867,4,0,7,4,0,108,71,1
3080,64164,35337,3,1,7,1,0,83,90,1
241,2134,4571,0,0,1,0,1,83,40,0
775,1914,1043,0,0,0,0,1,61,26,0
5657,40362,80039,2,0,2,2,0,181,33,1
7464,59387,81631,4,1,8,2,0,159,91,1
8445,13061,21138,4,0,2,3,0,153,99,1
681,750,4026,0,0,1,0,1,68,38,0
475,3962,2625,0,0,1,0,1,44,3,0
806,1318,2636,0,0,0,0,1,27,40,0
6300,62986,93916,3,1,6,2,0,89,91,1
161,666,269,0,0,0,0,1,51,32,0
8531,5882,43967,4,0,3,4,0,107,74,1
2894,92318,78396,2,1,5,3,0,63,22,1
2567,94941,90610,4,0,9,4,0,133,21,1
815,4699,1280,0,0,1,0,1,87,20,0
2033,20032,10188,3,1,2,3,0,155,79,1
734,2106,2148,0,0,0,0,1,4,37,0
4081,51505,79991,2,0,3,3,0,190,85,1
38,4964,572,0,0,0,0,1,78,4,0
98,983,3888,0,0,0,0,1,89,45,0
801,4345,4285,0,0,0,0,1,38,38,0
1194,51854,53733,2,1,3,2,0,134,22,1
7943,61920,58019,3,0,9,3,0,57,32,1
890,294,703,0,0,0,0,1,47,35,0
8108,34968,65924,1,1,8,4,0,174,51,1
564,4637,4648,0,0,0,0,1,47,12,0
9106,12868,6537,2,1,4,1,0,199,61,1
9105,80057,27259,2,0,9,4,0,137,45,1
9693,36406,36673,4,0,5,3,0,192,77,1
3999,16957,98721,3,0,6,4,0,109,79,1
606,3594,1953,0,0,1,0,1,67,1,0
1287,27634,35766,2,0,9,1,0,164,43,1
942,2599,3302,0,0,1,0,1,83,39,0
8954,8203,6849,4,1,3,3,0,63,55,1
1192,85674,51157,2,0,8,1,0,149,76,1
6801,37991,63408,1,1,2,4,0,167,88,1
7280,90092,13989,3,0,8,3,0,68,42,1
2820,82095,16434,1,0,5,1,0,169,33,1
3313,74444,79094,3,1,5,3,0,86,41,1
279,4612,1462,0,0,0,0,1,20,19,0
647,2169,2307,0,0,1,0,1,66,21,0
895,4944,4551,0,0,0,0,1,69,16,0
6867,18543,50929,2,1,9,2,0,87,74,1
5471,38461,86932,4,0,5,1,0,137,64,1
766,2645,145,0,0,1,0,1,58,30,0
555,2039,2889,0,0,1,0,1,87,22,0
7391,51562,79632,3,0,9,1,0,103,39,1
167,3564,2979,0,0,1,0,1,42,45,0
7678,90781,12642,2,0,9,2,0,149,77,1
1861,52801,95283,3,1,6,2,0,64,73,1
9737,18180,75400,2,1,5,4,0,104,70,1
378,2075,4312,0,0,1,0,1,11,45,0
1681,22718,36663,3,1,2,3,0,100,67,1
4140,35286,65030,2,1,2,1,0,151,90,1
228,3788,3970,0,0,1,0,1,71,14,0
258,213,484,0,0,0,0,1,29,45,0
953,917,631,0,0,1,0,1,49,40,0
52,2343,3271,0,0,0,0,1,14,24,0
697,186,1120,0,0,1,0,1,33,17,0
1242,33885,72288,4,0,4,1,0,57,67,1
6185,99948,89171,2,0,2,1,0,129,27,1
1507,11727,42383,4,0,8,3,0,154,43,1
3776,88521,14583,3,1,3,1,0,126,54,1
9022,75247,93090,4,0,5,1,0,132,67,1
219,4033,3957,0,0,1,0,1,89,48,0
2462,39235,6779,1,1,4,4,0,194,66,1
4748,38324,94317,3,1,2,4,0,155,45,1
656,1341,3423,0,0,1,0,1,62,32,0
46,1389,1814,0,0,0,0,1,58,10,0
1305,87018,44643,4,0,2,2,0,188,50,1
3572,21645,22043,4,0,3,1,0,161,43,1
2058,94387,55568,2,0,7,4,0,103,40,1
2810,56567,6211,4,0,3,3,0,62,96,1
6594,82534,24643,2,0,4,2,0,64,35,1
395,588,4676,0,0,1,0,1,21,43,0
507,1050,610,0,0,0,0,1,40,4,0
2390,67785,19591,2,1,3,3,0,177,93,1
8774,96828,63849,1,1,2,3,0,126,33,1
368,4036,4278,0,0,1,0,1,85,48,0
829,3642,2993,0,0,0,0,1,71,42,0
3600,88848,70131,2,0,5,4,0,70,70,1
3159,49980,22397,3,1,9,4,0,127,63,1
2353,53867,7013,1,0,7,3,0,64,47,1
3851,53639,18753,4,0,2,4,0,107,42,1
322,1387,882,0,0,1,0,1,33,26,0
7360,51825,50809,3,1,5,1,0,102,28,1
112,3762,4445,0,0,1,0,1,13,17,0
9362,97105,14719,2,1,6,3,0,156,28,1
297,3533,4255,0,0,0,0,1,1,31,0
4009,61207,29143,3,1,6,2,0,166,67,1
189,2376,4760,0,0,0,0,1,43,22,0
799,4889,16,0,0,0,0,1,5,40,0
3964,73931,63382,3,0,7,2,0,123,56,1
2551,7042,31393,4,1,8,3,0,152,99,1
540,1141,821,0,0,0,0,1,95,25,0
1904,8659,33718,1,1,5,2,0,151,67,1
3156,69926,67637,1,0,9,1,0,69,67,1
484,4673,2958,0,0,1,0,1,3,40,0
998,2419,522,0,0,1,0,1,20,34,0
9997,61677,7523,4,1,7,4,0,88,40,1
8942,63535,83218,1,1,6,4,0,69,91,1
9456,38477,14107,1,0,6,1,0,177,91,1
345,2861,3061,0,0,1,0,1,63,5,0
287,4616,4517,0,0,0,0,1,40,30,0
9671,63446,65624,4,0,4,2,0,158,63,1
9745,15681,81000,4,0,6,1,0,65,28,1
7008,42879,34825,1,0,7,2,0,155,40,1
7754,39409,37334,2,0,4,4,0,141,98,1
8825,20116,95748,1,1,9,4,0,121,95,1
2260,9582,8320,1,1,9,2,0,123,88,1
1220,44236,73607,1,0,9,1,0,141,34,1
337,2286,1579,0,0,1,0,1,98,35,0
3035,44563,15931,3,1,2,4,0,94,75,1
7175,29127,69280,2,0,2,4,0,177,99,1
38,3924,3084,0,0,0,0,1,20,15,0
385,2051,1764,0,0,1,0,1,64,13,0
775,3579,129,0,0,1,0,1,47,38,0
671,3344,2791,0,0,0,0,1,77,20,0
4195,56375,41929,2,1,7,1,0,165,88,1
207,574,3374,0,0,0,0,1,53,9,0
8478,24585,61805,1,1,8,3,0,146,38,1
7326,30616,28519,3,0,3,3,0,166,54,1
205,2593,3216,0,0,0,0,1,37,1,0
2490,87768,62894,3,0,3,2,0,110,94,1
659,4106,440,0,0,0,0,1,21,8,0
700,223,3427,0,0,1,0,1,31,32,0
728,1640,3586,0,0,1,0,1,77,47,0
5530,30163,37463,2,1,4,2,0,61,94,1
684,2253,4979,0,0,1,0,1,48,1,0
444,3093,424,0,0,1,0,1,18,43,0
283,4408,792,0,0,1,0,1,88,8,0
982,1279,1179,0,0,1,0,1,35,46,0
3031,93741,24360,1,1,9,2,0,64,67,1
565,1997,1798,0,0,0,0,1,93,27,0
329,591,2822,0,0,1,0,1,28,42,0
7269,91486,7413,4,0,5,1,0,96,52,1
1441,51900,83209,1,1,5,3,0,186,46,1
9718,16549,82225,3,1,8,4,0,148,33,1
612,3415,3967,0,0,0,0,1,19,25,0
4797,98448,85317,3,0,6,3,0,77,52,1
7738,76206,34187,2,0,2,3,0,67,26,1
8778,84693,29074,3,1,5,4,0,166,49,1
6618,99438,71576,2,1,8,1,0,50,84,1
2375,65782,91148,3,0,3,1,0,166,66,1
4243,48790,47498,3,0,2,4,0,192,32,1
4339,46115,82707,3,0,2,1,0,69,47,1
348,1834,2637,0,0,0,0,1,56,37,0
562,1481,133,0,0,1,0,1,52,3,0
797,2745,2810,0,0,1,0,1,37,47,0
9532,23100,59880,4,0,6,4,0,121,89,1
4966,34709,17191,2,1,9,4,0,185,67,1
4841,82065,28806,2,1,7,2,0,151,87,1
642,1312,1863,0,0,1,0,1,98,5,0
4590,42706,41784,4,1,4,1,0,83,67,1
426,1463,1428,0,0,0,0,1,26,10,0
931,3818,3928,0,0,0,0,1,7,45,0
9802,7581,51737,3,0,4,4,0,125,51,1
2067,65390,43192,1,1,8,2,0,187,95,1
815,3675,2946,0,0,1,0,1,1,10,0
8299,13177,98710,1,1,6,1,0,182,90,1
243,3374,4732,0,0,1,0,1,14,11,0
7893,39765,20605,3,0,3,4,0,126,35,1
996,4278,2461,0,0,1,0,1,27,5,0
761,4361,4082,0,0,1,0,1,9,38,0
952,4234,4400,0,0,0,0,1,76,23,0
701,2593,2734,0,0,0,0,1,4,37,0
924,4206,2243,0,0,0,0,1,36,47,0
3994,96074,55508,1,0,9,1,0,190,88,1
250,3595,1821,0,0,1,0,1,3,12,0
612,876,3952,0,0,0,0,1,50,35,0
341,4311,2448,0,0,0,0,1,11,35,0
935,2322,1674,0,0,1,0,1,62,38,0
5340,94131,14718,3,1,9,3,0,123,28,1
663,4571,4644,0,0,0,0,1,45,25,0
895,2717,1689,0,0,0,0,1,21,17,0
6930,68221,46846,2,0,2,1,0,64,58,1
641,4598,1475,0,0,0,0,1,32,47,0
6650,38635,86199,3,1,5,3,0,132,98,1
639,285,405,0,0,1,0,1,42,13,0
6979,24177,76318,2,1,2,3,0,71,68,1
9435,45115,74468,3,0,4,3,0,191,75,1
521,244,3868,0,0,1,0,1,30,3,0
160,4544,956,0,0,0,0,1,28,44,0
565,3496,475,0,0,0,0,1,3,28,0
753,726,3895,0,0,0,0,1,43,11,0
449,514,2504,0,0,0,0,1,64,8,0
242,4654,4089,0,0,1,0,1,99,27,0
150,1136,4733,0,0,1,0,1,68,20,0
463,793,968,0,0,0,0,1,11,3,0
124,1333,4095,0,0,1,0,1,19,29,0
3077,38980,94452,1,1,3,3,0,161,32,1
544,4068,4969,0,0,0,0,1,4,40,0
3881,62388,12961,2,1,2,3,0,164,24,1
7010,86268,39831,1,1,4,4,0,84,25,1
819,2188,1241,0,0,0,0,1,21,28,0
271,1500,1311,0,0,0,0,1,41,45,0
288,4580,4065,0,0,0,0,1,83,3,0
5443,7779,36416,1,1,2,3,0,70,48,1
262,3368,1735,0,0,0,0,1,24,28,0
34,4164,4933,0,0,0,0,1,34,30,0
957,388,4390,0,0,1,0,1,13,37,0
476,943,3724,0,0,1,0,1,6,20,0
200,3596,1969,0,0,0,0,1,75,49,0
866,2396,1651,0,0,0,0,1,40,46,0
8130,7244,72136,3,1,2,2,0,176,99,1
1935,83015,68884,2,1,2,1,0,172,50,1
7748,92227,45502,2,1,8,4,0,121,26,1
8891,17665,22482,2,0,4,2,0,172,56,1
8987,54597,41839,2,0,3,3,0,102,81,1
322,2768,819,0,0,0,0,1,29,25,0
3939,67501,48005,3,0,3,1,0,136,70,1
4,2709,4909,0,0,1,0,1,96,10,0
8910,70425,97244,3,1,2,3,0,118,87,1
1371,34777,47748,1,1,3,1,0,105,66,1
783,713,2924,0,0,0,0,1,56,30,0
1506,59857,68644,3,1,2,3,0,141,62,1
9465,40294,65119,1,1,8,1,0,165,87,1
817,341,163,0,0,0,0,1,22,30,0
550,827,4839,0,0,0,0,1,15,36,0
2269,65289,99337,3,0,6,3,0,53,61,1
5943,22205,51950,1,1,8,4,0,148,57,1
9339,37919,20173,3,0,2,2,0,148,42,1
7430,89627,27936,2,1,5,2,0,83,96,1
1556,83012,45927,2,0,6,1,0,177,97,1
786,338,3694,0,0,0,0,1,82,36,0
8833,92333,85818,4,1,4,4,0,166,20,1
627,3677,42,0,0,0,0,1,94,48,0
2283,56428,63899,2,1,5,2,0,156,79,1
3462,75190,30523,1,1,8,1,0,68,40,1
5206,16831,17404,2,1,6,4,0,183,88,1
836,1865,4676,0,0,0,0,1,87,46,0
374,3293,4137,0,0,0,0,1,11,25,0
2230,72084,7972,2,0,9,2,0,118,97,1
9864,73159,70522,3,1,9,1,0,56,70,1
400,2243,3273,0,0,0,0,1,1,42,0
687,2065,4437,0,0,0,0,1,32,14,0
340,4854,646,0,0,1,0,1,53,23,0
253,3072,1232,0,0,0,0,1,4,44,0
691,1785,775,0,0,0,0,1,39,22,0
460,1713,3711,0,0,0,0,1,6,44,0
502,1733,3124,0,0,1,0,1,21,25,0
7411,79681,36362,4,0,4,3,0,181,45,1
637,3853,2196,0,0,1,0,1,26,27,0
692,4770,2659,0,0,1,0,1,60,44,0
1864,75111,41833,3,0,7,2,0,101,46,1
357,4337,282,0,0,1,0,1,93,25,0
9671,92182,66108,2,1,6,1,0,78,78,1
7001,16267,58014,3,1,5,1,0,117,36,1
212,2433,4976,0,0,0,0,1,88,9,0
1129,45718,97906,3,1,9,4,0,107,61,1
52,1202,4616,0,0,1,0,1,90,47,0
539,886,2696,0,0,0,0,1,3,17,0
191,3191,2529,0,0,1,0,1,81,31,0
9504,43968,67532,4,1,4,1,0,111,69,1
4629,12489,10077,2,1,8,3,0,168,30,1
98,201,3619,0,0,1,0,1,23,42,0
563,2719,1885,0,0,0,0,1,38,17,0
8498,90703,84096,1,0,3,3,0,53,47,1
269,4156,4957,0,0,1,0,1,8,20,0
379,1276,1939,0,0,0,0,1,90,40,0
1283,99389,63703,1,1,2,2,0,195,50,1
912,2752,3471,0,0,1,0,1,39,28,0
150,603,2564,0,0,1,0,1,15,23,0
2001,40897,91282,2,1,8,3,0,63,77,1
324,2624,2468,0,0,1,0,1,36,25,0
564,1690,3331,0,0,1,0,1,35,19,0
4389,81050,53893,3,1,2,4,0,125,86,1
35,1810,454,0,0,1,0,1,28,14,0
5683,24403,91673,3,0,5,2,0,104,86,1
62,1646,1035,0,0,0,0,1,90,20,0
1616,36932,18163,1,1,9,4,0,164,59,1
5386,58026,69824,2,1,4,3,0,70,27,1
2045,11523,54111,4,1,6,4,0,138,88,1
3597,31660,64557,1,0,4,2,0,95,37,1
5651,82355,64840,4,0,7,4,0,184,22,1
6811,16221,5767,3,1,2,3,0,194,29,1
6953,70185,91335,2,1,6,3,0,87,22,1
841,1389,2281,0,0,0,0,1,50,37,0
3061,19953,41021,2,0,6,1,0,110,93,1
455,3056,3588,0,0,0,0,1,15,37,0
832,3553,2539,0,0,0,0,1,86,7,0
466,4784,3702,0,0,1,0,1,73,2,0
2167,31128,86103,3,1,3,4,0,174,63,1
6506,66465,13733,3,1,7,2,0,164,79,1
698,2192,2359,0,0,1,0,1,27,7,0
468,1985,2403,0,0,0,0,1,84,17,0
3339,34553,62804,2,0,5,4,0,63,61,1
224,4018,2938,0,0,1,0,1,20,35,0
738,1418,4155,0,0,0,0,1,73,38,0
236,1521,780,0,0,1,0,1,29,31,0
655,3762,4654,0,0,0,0,1,32,48,0
499,4833,4991,0,0,0,0,1,29,39,0
156,638,968,0,0,1,0,1,56,40,0
3364,86163,75871,3,1,7,3,0,118,31,1
123,94,987,0,0,1,0,1,93,15,0
3654,5786,46445,2,1,2,1,0,143,38,1
652,4799,581,0,0,0,0,1,9,28,0
697,4238,3013,0,0,0,0,1,41,22,0
9243,28147,5294,2,1,4,1,0,185,50,1
216,3342,3670,0,0,1,0,1,32,30,0
885,116,3867,0,0,1,0,1,39,3,0
663,963,3727,0,0,0,0,1,35,18,0
85,2048,4806,0,0,1,0,1,48,18,0
1983,89161,97115,3,0,7,1,0,189,36,1
5875,28004,79329,2,0,4,2,0,140,67,1
929,66,4470,0,0,1,0,1,47,21,0
1277,83929,72838,4,1,6,3,0,186,74,1
593,899,264,0,0,0,0,1,82,39,0
518,3191,1641,0,0,1,0,1,85,45,0
580,4497,2320,0,0,0,0,1,99,42,0
103,3180,4605,0,0,0,0,1,19,30,0
3395,91436,14479,1,0,8,3,0,195,62,1
6603,69341,67665,2,1,3,1,0,128,66,1
658,4107,2037,0,0,0,0,1,28,13,0
863,2595,1347,0,0,1,0,1,94,11,0
2907,81958,83816,4,1,8,3,0,99,69,1
69,1098,370,0,0,1,0,1,17,5,0
162,341,2507,0,0,1,0,1,30,19,0
476,1719,3374,0,0,0,0,1,16,10,0
1140,62473,99979,4,1,4,2,0,97,79,1
8607,32675,63466,1,0,7,1,0,194,88,1
839,3283,2793,0,0,0,0,1,65,35,0
276,951,2817,0,0,0,0,1,16,32,0
7768,50641,85103,3,0,5,3,0,65,79,1
348,1308,4138,0,0,1,0,1,55,13,0
4779,21535,44029,3,0,4,3,0,64,25,1
761,4413,2581,0,0,1,0,1,98,30,0
8620,72334,64238,2,0,7,4,0,196,32,1
2867,43672,51228,3,0,3,4,0,173,39,1
4569,26751,73681,1,0,6,4,0,64,99,1
225,1823,4225,0,0,0,0,1,89,16,0
958,148,392,0,0,1,0,1,28,11,0
768,1460,4440,0,0,0,0,1,15,21,0
624,4971,4752,0,0,0,0,1,7,42,0
4,938,3456,0,0,0,0,1,54,2,0
8235,95879,70305,1,1,7,2,0,57,35,1
4992,58144,95639,4,1,8,4,0,86,95,1
1599,43729,45164,3,1,7,3,0,100,75,1
8533,74711,5453,4,0,5,4,0,157,23,1
6555,87263,97282,2,1,8,4,0,122,86,1
185,2514,2856,0,0,1,0,1,56,24,0
8104,88021,97259,4,0,6,3,0,71,83,1
557,2430,1939,0,0,1,0,1,92,42,0
8345,62939,98144,4,1,5,3,0,98,41,1
253,813,597,0,0,0,0,1,51,48,0
498,2797,275,0,0,1,0,1,57,43,0
8204,33333,70614,2,1,9,4,0,89,31,1
9220,92892,80361,4,0,2,2,0,101,76,1
326,38,3652,0,0,1,0,1,13,35,0
915,3389,4930,0,0,1,0,1,85,13,0
860,3561,2230,0,0,1,0,1,30,26,0
3181,73580,72609,3,0,5,3,0,172,22,1
850,3508,2757,0,0,1,0,1,1,14,0
7103,29904,41674,1,1,5,2,0,113,48,1
57,4806,2216,0,0,1,0,1,80,8,0
637,197,3976,0,0,1,0,1,99,42,0
202,583,4542,0,0,1,0,1,26,12,0
1941,14045,60856,3,0,7,1,0,175,46,1
2910,37940,44339,1,0,4,1,0,106,26,1
871,3823,27,0,0,1,0,1,96,28,0
510,2165,1273,0,0,0,0,1,10,23,0
4199,36169,54037,2,1,2,4,0,74,35,1
2861,19549,31739,1,1,4,2,0,59,24,1
812,4821,1043,0,0,0,0,1,84,38,0
2789,91654,52997,3,0,7,1,0,66,76,1
6573,31905,7251,3,1,6,2,0,189,70,1
1320,42040,34685,3,1,7,1,0,198,79,1
5961,74123,25365,3,0,5,3,0,117,74,1
6402,42265,82261,4,1,5,2,0,112,44,1
6266,98246,24641,1,0,7,4,0,136,54,1
727,1493,4612,0,0,1,0,1,47,38,0
726,3170,697,0,0,0,0,1,34,44,0
735,2151,1708,0,0,1,0,1,84,9,0
5603,68580,19650,1,0,8,3,0,81,66,1
3048,20366,78302,2,0,5,4,0,116,81,1
2317,62836,22806,3,1,8,1,0,69,43,1
6214,9025,47616,4,0,7,2,0,107,24,1
3155,26341,96164,3,0,4,3,0,90,98,1
595,1996,1019,0,0,1,0,1,98,13,0
252,21,3253,0,0,0,0,1,80,16,0
871,3531,72,0,0,0,0,1,8,26,0
6529,51705,84971,4,1,8,3,0,75,65,1
443,481,855,0,0,1,0,1,54,41,0
828,1875,2675,0,0,1,0,1,49,48,0
200,552,1529,0,0,0,0,1,96,26,0
1060,56742,31469,1,0,7,4,0,100,95,1
6649,56567,35988,4,1,6,4,0,181,23,1
3476,67580,42146,1,1,4,1,0,97,59,1
7719,22400,85206,1,0,6,1,0,110,23,1
7256,62042,26322,1,1,2,1,0,64,92,1
343,3287,2532,0,0,1,0,1,28,33,0
658,3054,2530,0,0,0,0,1,23,3,0
8,3502,661,0,0,0,0,1,87,31,0
9947,28548,20043,1,0,8,3,0,91,46,1
402,3205,3729,0,0,1,0,1,19,40,0
8189,77603,32027,2,1,7,3,0,71,94,1
8437,21198,94826,4,1,4,2,0,165,70,1
6831,24187,9886,3,1,8,4,0,50,79,1
38,4795,2839,0,0,0,0,1,68,32,0
4867,19141,54990,2,0,2,3,0,183,22,1
2827,20630,82852,1,0,8,1,0,177,53,1
3118,71490,6737,3,0,8,1,0,114,72,1
9895,99686,99945,3,0,4,3,0,195,45,1
7801,48730,80164,2,0,9,3,0,186,85,1
116,4473,2324,0,0,1,0,1,13,22,0
3706,59362,77390,1,0,6,2,0,130,75,1
8701,83683,15750,1,1,7,1,0,130,60,1
770,2116,1100,0,0,0,0,1,51,40,0
6162,69952,43563,4,1,4,4,0,61,23,1
510,3228,630,0,0,0,0,1,65,20,0
8088,16182,22393,1,0,6,1,0,153,43,1
2301,32689,26058,1,1,4,3,0,53,96,1
9181,55901,55248,2,0,9,3,0,163,21,1
683,2472,1198,0,0,0,0,1,26,24,0
330,1633,4790,0,0,0,0,1,75,9,0
6325,48333,71922,3,0,3,3,0,69,35,1
546,3514,4049,0,0,1,0,1,75,32,0
68,2769,4066,0,0,1,0,1,70,35,0
7792,40853,35461,4,1,7,2,0,96,46,1
826,872,4884,0,0,0,0,1,36,49,0
7396,91807,82597,2,1,2,1,0,131,82,1
2882,20728,61017,4,1,3,3,0,198,53,1
189,3380,4683,0,0,0,0,1,19,17,0
99,271,4308,0,0,1,0,1,65,20,0
663,3643,3854,0,0,0,0,1,37,2,0
167,686,840,0,0,0,0,1,6,32,0
131,2844,2352,0,0,1,0,1,23,38,0
7449,62190,89585,4,1,4,4,0,108,45,1
647,4621,1008,0,0,1,0,1,17,48,0
828,792,1537,0,0,0,0,1,28,10,0
6583,80020,34059,4,0,4,3,0,147,93,1
353,4788,2672,0,0,1,0,1,6,1,0
751,2371,661,0,0,0,0,1,17,38,0
5539,42335,23562,3,0,2,2,0,59,50,1
3550,18419,49140,2,0,6,4,0,183,22,1
6919,96647,51015,3,1,8,2,0,94,89,1
574,2854,241,0,0,1,0,1,62,33,0
471,4978,1229,0,0,0,0,1,59,27,0
4829,55251,6951,2,1,5,1,0,124,49,1
524,645,4592,0,0,1,0,1,7,47,0
27,901,3338,0,0,0,0,1,18,41,0
34,2736,1124,0,0,0,0,1,48,28,0
611,362,398,0,0,1,0,1,86,23,0
8090,13720,32626,2,0,7,1,0,75,40,1
6956,12382,70034,3,0,9,2,0,105,47,1
821,3701,2831,0,0,0,0,1,50,38,0
325,1955,649,0,0,1,0,1,69,20,0
6969,19266,99731,3,0,6,1,0,70,20,1
671,1254,1660,0,0,0,0,1,18,15,0
6326,15492,6620,4,1,8,3,0,150,95,1
7604,94326,60556,1,1,4,3,0,83,71,1
413,4809,4540,0,0,1,0,1,18,39,0
1145,94080,90474,1,1,4,2,0,142,58,1
284,824,2613,0,0,0,0,1,39,29,0
5815,86685,6893,1,1,6,4,0,108,61,1
690,1063,3230,0,0,0,0,1,13,23,0
229,4895,3287,0,0,1,0,1,68,28,0
992,1524,1031,0,0,1,0,1,79,35,0
970,2936,3525,0,0,1,0,1,25,10,0
797,4109,587,0,0,1,0,1,67,46,0
791,3280,419,0,0,0,0,1,97,18,0
345,1750,3839,0,0,0,0,1,49,46,0
7221,63123,29976,1,0,9,2,0,143,25,1
9386,88400,28104,4,0,8,1,0,157,59,1
5174,97837,97385,2,1,2,3,0,153,55,1
392,4811,2643,0,0,0,0,1,39,2,0
270,4469,2169,0,0,1,0,1,13,11,0
4892,89523,51202,4,1,3,4,0,134,72,1
9320,5363,66715,4,0,6,4,0,129,88,1
157,822,4187,0,0,0,0,1,70,21,0
608,3756,2852,0,0,0,0,1,98,10,0
71,2193,749,0,0,1,0,1,13,43,0
645,2026,735,0,0,1,0,1,11,41,0
3645,82209,20078,4,1,2,2,0,149,26,1
142,3776,2601,0,0,1,0,1,12,27,0
797,260,2989,0,0,0,0,1,82,1,0
474,673,1712,0,0,1,0,1,49,17,0
399,2681,593,0,0,0,0,1,12,33,0
632,3490,2830,0,0,0,0,1,8,20,0
386,1607,4732,0,0,1,0,1,33,42,0
8240,52914,71262,1,1,2,1,0,73,47,1
2016,85171,82990,4,1,6,1,0,73,45,1
3521,95925,43098,3,1,9,4,0,60,63,1
173,2353,204,0,0,0,0,1,61,26,0
3774,34087,7147,3,1,5,4,0,121,49,1
9264,84557,91840,1,1,6,1,0,89,53,1
3728,90366,56153,2,0,7,2,0,157,33,1
550,1804,4758,0,0,1,0,1,79,4,0
9832,69016,33930,3,0,8,3,0,180,57,1
609,2853,482,0,0,1,0,1,59,34,0
895,431,2460,0,0,0,0,1,74,47,0
8082,61574,25390,4,0,5,4,0,188,59,1
391,2332,3267,0,0,0,0,1,72,49,0
635,329,3562,0,0,0,0,1,6,49,0
4791,78313,14677,1,0,6,3,0,102,21,1
117,4430,3747,0,0,1,0,1,43,9,0
6581,10499,82928,4,1,4,1,0,164,75,1
7364,24385,19345,1,1,7,3,0,69,78,1
339,9,961,0,0,0,0,1,55,19,0
1297,94353,54999,4,1,8,1,0,120,50,1
2211,99496,31028,2,1,9,1,0,101,20,1
1946,56482,54833,4,0,5,3,0,91,89,1
600,4542,525,0,0,1,0,1,60,11,0
491,2724,4130,0,0,0,0,1,36,45,0
391,3345,2289,0,0,1,0,1,25,27,0
35,2953,4278,0,0,1,0,1,83,34,0
483,3117,1625,0,0,1,0,1,83,35,0
3936,89585,33804,3,1,9,1,0,127,55,1
80,4300,2938,0,0,0,0,1,6,30,0
5086,22794,56586,2,0,5,4,0,127,40,1
5616,79710,80432,4,1,6,3,0,152,70,1
9633,34661,18335,3,1,6,2,0,191,94,1
9042,57709,10993,4,0,2,1,0,99,57,1
7060,70938,6906,1,0,5,2,0,179,49,1
6197,56658,86494,1,1,6,3,0,101,90,1
143,1792,66,0,0,0,0,1,40,32,0
8237,73685,23733,1,1,9,3,0,102,86,1
3410,50528,29596,4,0,2,1,0,156,59,1
4092,36376,32938,3,0,5,3,0,144,67,1
9476,22272,79323,3,1,3,3,0,58,78,1
5633,35077,83636,4,0,5,4,0,168,33,1
9111,20577,14247,4,1,6,1,0,92,58,1
1190,39812,86383,4,0,6,4,0,126,45,1
733,4124,661,0,0,0,0,1,48,1,0
623,3476,2428,0,0,1,0,1,61,38,0
955,4892,13,0,0,0,0,1,27,49,0
385,2048,902,0,0,1,0,1,28,17,0
7663,56660,11862,2,1,8,3,0,160,73,1
758,2081,2385,0,0,1,0,1,44,44,0
4510,18890,58331,4,0,8,2,0,142,86,1
831,3278,3714,0,0,1,0,1,10,16,0
962,1182,4583,0,0,0,0,1,34,40,0
246,2204,1072,0,0,1,0,1,84,46,0
301,2553,3489,0,0,0,0,1,47,2,0
600,4232,769,0,0,0,0,1,39,16,0
20,4948,4780,0,0,0,0,1,2,27,0
884,2129,3986,0,0,0,0,1,5,44,0
4406,87844,24950,4,1,8,1,0,189,79,1
510,345,4008,0,0,1,0,1,47,8,0
189,235,1797,0,0,0,0,1,46,42,0
2340,20867,71983,4,0,7,4,0,127,55,1
862,3122,3432,0,0,1,0,1,97,37,0
640,4451,1914,0,0,1,0,1,41,22,0
9207,85409,33477,4,1,9,4,0,104,94,1
384,2824,4399,0,0,1,0,1,66,17,0
698,4208,3147,0,0,1,0,1,68,18,0
5482,76846,33251,3,1,3,3,0,172,29,1
6807,57344,69360,3,1,8,2,0,141,71,1
454,4795,836,0,0,1,0,1,79,20,0
7487,38132,33561,2,1,5,1,0,77,31,1
2248,32043,85664,1,0,2,1,0,116,77,1
2129,99049,62851,4,1,7,2,0,103,64,1
476,2089,2009,0,0,1,0,1,95,9,0
505,3713,2863,0,0,0,0,1,29,15,0
85,4459,3243,0,0,0,0,1,10,3,0
7219,45563,14493,3,1,3,4,0,77,25,1
505,4263,2442,0,0,1,0,1,56,44,0
1901,29624,89085,2,1,9,3,0,75,70,1
57,2708,1246,0,0,1,0,1,84,19,0
3560,13646,25541,4,0,3,4,0,85,94,1
7337,87916,21532,2,1,7,1,0,195,53,1
1920,39775,62705,4,1,4,4,0,86,57,1
646,4530,4889,0,0,0,0,1,12,2,0
7582,59797,67224,3,1,2,4,0,120,52,1
565,3445,2046,0,0,1,0,1,58,27,0
356,2032,4330,0,0,0,0,1,21,25,0
951,992,3179,0,0,0,0,1,9,46,0
8845,61117,65277,3,1,8,1,0,96,67,1
610,3367,2823,0,0,0,0,1,67,11,0
7897,42011,22948,1,0,9,3,0,119,66,1
6874,11447,90469,2,1,8,2,0,132,96,1
945,3747,2297,0,0,0,0,1,22,31,0
3639,30494,78953,4,0,7,3,0,135,97,1
461,523,1307,0,0,0,0,1,45,28,0
681,770,3811,0,0,0,0,1,53,31,0
187,4720,956,0,0,1,0,1,4,46,0
230,2551,850,0,0,0,0,1,75,49,0
875,4719,4281,0,0,0,0,1,86,42,0
882,3067,1459,0,0,0,0,1,5,8,0
13,1331,374,0,0,1,0,1,65,16,0
5267,77320,46954,2,1,7,3,0,127,32,1
6014,5706,88996,2,0,6,4,0,137,76,1
397,2563,2408,0,0,0,0,1,69,29,0
128,364,3828,0,0,1,0,1,22,38,0
972,984,3750,0,0,0,0,1,62,11,0
734,2808,2097,0,0,1,0,1,3,18,0
64,525,281,0,0,1,0,1,50,18,0
508,2832,3155,0,0,0,0,1,59,3,0
8099,30563,14505,3,0,6,3,0,107,85,1
6708,77590,11794,1,0,6,3,0,196,72,1
511,4797,3835,0,0,1,0,1,97,12,0
8297,19390,40031,1,1,2,4,0,119,33,1
908,250,3864,0,0,0,0,1,79,48,0
804,4718,1518,0,0,1,0,1,31,31,0
709,1969,4986,0,0,1,0,1,39,40,0
26,54,4494,0,0,0,0,1,63,34,0
4197,85730,54402,1,0,6,1,0,146,59,1
364,3609,3737,0,0,1,0,1,57,8,0
8754,51233,90707,4,1,9,2,0,177,46,1
702,280,3466,0,0,0,0,1,80,39,0
4114,78495,55182,3,1,6,2,0,135,32,1
825,2030,4283,0,0,0,0,1,48,34,0
8244,71275,29363,1,0,3,1,0,94,99,1
201,4188,2639,0,0,1,0,1,73,23,0
469,2161,560,0,0,0,0,1,81,8,0
339,3177,1525,0,0,0,0,1,92,23,0
4775,92736,70421,3,1,9,3,0,144,33,1
4144,75740,39808,3,0,9,3,0,193,23,1
814,1763,781,0,0,1,0,1,64,11,0
7040,24159,82462,3,1,4,2,0,137,66,1
1731,32307,70747,1,0,5,2,0,153,87,1
6051,48827,79400,4,0,6,4,0,75,41,1
662,36,2974,0,0,0,0,1,37,26,0
882,3461,1395,0,0,1,0,1,66,2,0
627,3600,2959,0,0,0,0,1,10,17,0
230,1342,1177,0,0,0,0,1,17,22,0
8669,77267,8981,1,0,9,2,0,99,64,1
112,4227,2541,0,0,0,0,1,42,44,0
1615,25659,54103,1,0,4,3,0,93,61,1
748,2261,1655,0,0,0,0,1,98,32,0
9536,24122,21459,2,1,5,1,0,108,29,1
801,3511,4558,0,0,1,0,1,45,49,0
455,4429,1004,0,0,0,0,1,81,20,0
4496,60648,29530,3,1,5,1,0,62,55,1
1666,62692,20762,4,0,5,2,0,173,32,1
771,4455,4023,0,0,1,0,1,57,7,0
313,4583,403,0,0,0,0,1,54,7,0
4917,5877,65356,2,0,2,3,0,164,52,1
5588,83462,49135,2,0,4,2,0,73,38,1
276,3462,2978,0,0,0,0,1,51,22,0
11,936,2256,0,0,1,0,1,96,9,0
2505,38085,36007,3,0,4,4,0,189,25,1
6730,26673,40891,3,1,8,3,0,146,56,1
102,4972,2956,0,0,1,0,1,78,14,0
9210,92453,10419,3,0,7,1,0,98,91,1
5042,24810,63865,2,0,5,1,0,158,43,1
3842,89269,35492,3,0,2,3,0,156,34,1
3076,50689,55975,4,1,4,4,0,176,45,1
942,3031,3814,0,0,0,0,1,94,3,0
5815,20734,94743,4,1,4,1,0,188,82,1
905,2424,1486,0,0,1,0,1,49,33,0
5011,73321,40863,3,0,8,4,0,56,38,1
1931,73244,87421,1,0,6,2,0,137,36,1
278,1324,1169,0,0,0,0,1,58,6,0
4918,31756,38760,1,0,2,3,0,57,82,1
7502,51501,11073,4,0,6,3,0,66,30,1
9052,60501,63701,1,0,6,1,0,101,24,1
3897,31627,19385,2,0,6,2,0,104,84,1
913,966,4037,0,0,1,0,1,41,13,0
6178,52374,64117,2,1,9,4,0,174,79,1
9982,78620,88049,4,0,7,3,0,197,22,1
1919,91450,28525,1,0,6,1,0,64,68,1
995,1969,2891,0,0,0,0,1,75,24,0
257,2033,1653,0,0,0,0,1,48,43,0
8008,63144,25104,2,0,3,1,0,183,98,1
162,571,875,0,0,0,0,1,52,32,0
840,4859,2147,0,0,0,0,1,24,30,0
28,906,1422,0,0,0,0,1,81,43,0
5399,46136,96038,3,0,4,1,0,101,51,1
795,3744,3568,0,0,1,0,1,89,25,0
674,1906,1239,0,0,0,0,1,10,32,0
4398,68456,17916,2,0,3,3,0,58,37,1
36,4662,1494,0,0,0,0,1,57,17,0
4124,13446,58803,4,1,2,4,0,76,79,1
5673,70603,81312,1,1,7,4,0,120,93,1
1512,12857,60698,4,1,3,2,0,89,97,1
8116,96555,18275,3,0,6,3,0,123,29,1
5576,84369,17666,2,1,6,1,0,134,35,1
5837,23667,60809,2,0,8,2,0,117,81,1
121,3925,3804,0,0,0,0,1,9,43,0
797,3079,4361,0,0,0,0,1,36,32,0
576,4867,2159,0,0,0,0,1,43,11,0
818,2560,3188,0,0,1,0,1,86,30,0
125,4026,2090,0,0,1,0,1,10,29,0
586,954,3083,0,0,0,0,1,40,15,0
928,692,2608,0,0,1,0,1,50,5,0
763,394,2113,0,0,0,0,1,17,23,0
3220,17716,66892,3,1,9,3,0,81,56,1
8371,25224,45733,1,0,3,4,0,137,97,1
546,1311,1048,0,0,1,0,1,57,49,0
2907,25116,54252,2,1,9,4,0,50,91,1
9307,92201,38798,2,1,7,4,0,81,22,1
6060,86149,83572,1,0,2,2,0,68,52,1
121,3174,612,0,0,0,0,1,78,35,0
871,3953,3292,0,0,0,0,1,83,16,0
625,2376,2320,0,0,1,0,1,82,25,0
9617,50772,98831,4,1,8,1,0,162,34,1
803,2204,1938,0,0,1,0,1,45,18,0
601,2109,1828,0,0,1,0,1,58,30,0
320,2969,545,0,0,0,0,1,80,32,0
7394,39178,89361,4,0,5,2,0,100,79,1
689,2041,514,0,0,1,0,1,25,28,0
9462,52588,55281,2,0,3,3,0,58,50,1
8933,32829,40490,4,1,3,1,0,194,99,1
8452,54549,93905,3,1,3,1,0,79,55,1
5933,31619,6986,2,1,6,2,0,184,27,1
452,4021,2401,0,0,1,0,1,34,23,0
22,4572,1368,0,0,1,0,1,22,2,0
7683,82360,75434,2,1,5,3,0,141,63,1
989,4146,3610,0,0,1,0,1,37,2,0
731,427,3958,0,0,0,0,1,11,2,0
698,3239,1283,0,0,0,0,1,57,5,0
902,4876,2452,0,0,1,0,1,82,21,0
5319,24267,25689,2,1,3,1,0,163,58,1
739,634,3604,0,0,0,0,1,30,18,0
7671,23646,42921,3,0,3,2,0,125,86,1
2141,91322,11789,3,1,2,3,0,59,26,1
7453,5835,71745,1,0,5,2,0,116,84,1
3038,74521,70641,1,0,8,1,0,116,64,1
5712,48226,57127,2,1,5,2,0,142,98,1
4823,21121,63901,1,0,7,2,0,146,65,1
8686,51098,52934,1,0,3,2,0,149,85,1
7120,86837,10972,3,0,8,3,0,93,20,1
5085,45056,63959,4,1,7,4,0,89,36,1
652,4665,4624,0,0,1,0,1,73,32,0
427,3472,2278,0,0,0,0,1,42,47,0
4789,36315,9141,3,1,5,3,0,161,73,1
143,2064,2978,0,0,1,0,1,69,36,0
6540,82909,49328,4,1,4,1,0,130,43,1
836,4792,4865,0,0,1,0,1,28,25,0
5180,73143,20791,3,1,4,2,0,128,94,1
130,3981,3623,0,0,0,0,1,25,40,0
856,4569,2844,0,0,0,0,1,75,2,0
8206,73546,71617,4,1,4,3,0,130,86,1
232,3566,2426,0,0,0,0,1,49,19,0
4432,98301,93534,4,0,9,2,0,176,96,1
222,1247,1619,0,0,1,0,1,21,43,0
5042,98450,92908,4,0,5,2,0,94,22,1
625,2573,4219,0,0,0,0,1,49,17,0
4662,79755,43170,3,0,2,1,0,97,95,1
337,2730,4448,0,0,1,0,1,93,37,0
672,474,632,0,0,0,0,1,70,12,0
8954,37167,19016,2,1,4,2,0,149,84,1
894,791,3137,0,0,1,0,1,24,20,0
732,1245,2461,0,0,0,0,1,25,13,0
3159,66030,7765,4,0,6,3,0,170,55,1
36,3452,2719,0,0,1,0,1,76,49,0
2819,7637,43506,1,0,8,3,0,168,23,1
8500,37152,77361,2,1,8,2,0,139,51,1
2378,58309,82567,1,0,7,2,0,118,69,1
749,1131,2544,0,0,0,0,1,2,44,0
960,1975,3719,0,0,0,0,1,54,15,0
4977,26209,83972,1,0,7,1,0,188,86,1
560,249,955,0,0,1,0,1,57,29,0
555,4321,313,0,0,0,0,1,40,38,0
1,1906,1252,0,0,1,0,1,33,46,0
9320,90326,81154,2,1,9,1,0,198,84,1
4861,41132,79854,1,1,6,1,0,50,79,1
181,3778,894,0,0,1,0,1,22,23,0
5516,36625,80652,2,1,3,2,0,106,33,1
3657,89363,64946,2,1,5,3,0,128,20,1
8135,52691,83194,4,0,5,4,0,129,36,1
5427,48617,74206,2,0,6,4,0,164,52,1
6607,11378,76621,3,0,9,2,0,90,77,1
2590,95198,61411,4,0,3,4,0,95,66,1
569,4831,1403,0,0,0,0,1,59,28,0
147,362,4795,0,0,1,0,1,26,30,0
7911,50178,33647,2,1,9,1,0,96,59,1
191,4146,3888,0,0,0,0,1,70,35,0
2581,24324,18288,1,1,6,4,0,74,99,1
1421,57311,19621,2,1,2,3,0,72,76,1
8893,41018,47942,1,1,7,2,0,57,63,1
952,2448,4563,0,0,1,0,1,16,25,0
725,2739,2474,0,0,1,0,1,84,32,0
2473,64935,42260,1,0,4,3,0,199,67,1
6229,65038,22706,3,0,9,4,0,145,47,1
7770,6674,6044,4,0,9,3,0,96,52,1
7191,91064,40030,2,1,4,4,0,139,62,1
57,526,1177,0,0,1,0,1,34,35,0
160,3577,4285,0,0,0,0,1,78,8,0
971,1,1898,0,0,0,0,1,86,14,0
7761,43762,99455,1,0,2,1,0,152,84,1
5926,80069,81478,2,0,3,2,0,193,74,1
866,3549,1950,0,0,0,0,1,8,28,0
868,4265,2583,0,0,1,0,1,91,21,0
217,545,3468,0,0,1,0,1,26,31,0
472,320,1947,0,0,1,0,1,98,12,0
417,2,4917,0,0,1,0,1,33,9,0
5078,60182,73104,3,0,3,3,0,170,53,1
1787,8626,61321,3,1,5,3,0,54,32,1
7135,65139,96137,4,1,4,2,0,136,32,1
4261,62913,81448,1,1,5,1,0,165,87,1
9134,65101,87410,3,1,5,2,0,109,39,1
9334,70184,13222,1,0,7,1,0,72,37,1
304,4702,4402,0,0,0,0,1,53,47,0
3778,27469,51118,3,1,3,3,0,77,49,1
9681,59675,74263,2,1,9,2,0,199,88,1
270,4777,2360,0,0,1,0,1,89,12,0
4729,45387,11749,1,0,3,2,0,93,95,1
837,1762,2247,0,0,1,0,1,33,37,0
5218,52894,34299,4,0,8,1,0,73,87,1
8766,9994,80082,4,1,7,1,0,97,62,1
659,1980,3648,0,0,1,0,1,47,32,0
11,3117,3339,0,0,1,0,1,54,14,0
7382,83518,70584,2,1,2,1,0,86,24,1
4622,29918,20733,3,1,2,4,0,169,72,1
6068,85280,9924,3,1,9,2,0,79,80,1
7477,18161,62265,4,1,2,1,0,160,63,1
172,1682,4272,0,0,0,0,1,34,6,0
2605,29502,60311,2,0,2,1,0,87,38,1
193,2507,4000,0,0,0,0,1,42,24,0
616,4069,4966,0,0,0,0,1,16,31,0
606,2800,1037,0,0,1,0,1,52,48,0
480,327,1133,0,0,1,0,1,96,14,0
471,2898,963,0,0,1,0,1,43,26,0
91,2128,4476,0,0,1,0,1,58,18,0
2174,78568,9792,4,1,2,4,0,129,45,1
775,3451,3919,0,0,1,0,1,21,3,0
851,1990,236,0,0,0,0,1,3,17,0
461,3448,986,0,0,0,0,1,27,16,0
2909,66607,53542,4,1,2,2,0,134,29,1
7380,70171,70212,2,1,2,3,0,108,46,1
5675,76695,23174,3,1,8,3,0,59,68,1
7089,59530,6468,1,0,9,4,0,154,72,1
105,3640,2489,0,0,0,0,1,58,43,0
20,2150,3591,0,0,0,0,1,54,30,0
9557,68753,65752,2,1,7,3,0,131,85,1
786,3155,1931,0,0,1,0,1,6,34,0
5041,20198,87597,1,0,9,4,0,115,28,1
5631,46025,97103,4,1,4,2,0,113,20,1
612,4670,3530,0,0,0,0,1,45,20,0
747,3419,1387,0,0,1,0,1,99,28,0
4644,41701,64758,4,0,3,4,0,113,77,1
611,3212,1759,0,0,1,0,1,59,23,0
9758,49786,59712,2,0,5,1,0,130,92,1
4567,36390,36826,1,1,9,1,0,192,32,1
928,715,1594,0,0,0,0,1,8,16,0
3181,64342,87674,2,1,2,1,0,160,66,1
500,3160,1080,0,0,1,0,1,10,31,0
891,242,2632,0,0,1,0,1,74,48,0
148,520,3048,0,0,1,0,1,61,13,0
828,3300,237,0,0,1,0,1,70,35,0
222,1262,3678,0,0,0,0,1,7,21,0
95,913,1132,0,0,0,0,1,97,17,0
1596,72600,82658,2,1,6,3,0,175,83,1
2871,71917,67119,3,1,2,3,0,95,41,1
604,2466,1929,0,0,0,0,1,50,13,0
956,4422,2785,0,0,1,0,1,25,35,0
7854,28600,72847,2,0,2,3,0,111,72,1
132,1435,1431,0,0,1,0,1,63,35,0
6033,59144,14752,1,1,9,3,0,160,80,1
633,400,4312,0,0,0,0,1,2,24,0
295,1968,2212,0,0,0,0,1,67,22,0
800,2262,2408,0,0,1,0,1,47,4,0
1178,48169,62572,1,0,2,4,0,187,46,1
40,316,1910,0,0,0,0,1,46,42,0
950,3152,3719,0,0,0,0,1,41,35,0
1534,60711,14930,2,1,3,4,0,106,93,1
387,4042,2113,0,0,1,0,1,25,21,0
794,762,874,0,0,0,0,1,41,3,0
6602,76101,44832,3,0,8,2,0,179,34,1
6823,48454,79702,4,1,7,4,0,91,98,1
191,1560,3259,0,0,1,0,1,81,22,0
565,4223,1382,0,0,0,0,1,88,49,0
2966,77534,62184,1,1,7,3,0,128,26,1
1390,46302,71255,1,0,6,3,0,197,76,1
214,4000,2356,0,0,1,0,1,38,49,0
253,4805,4443,0,0,1,0,1,51,32,0
1,3054,35,0,0,0,0,1,1,45,0
6308,78591,62602,4,1,2,1,0,87,93,1
5942,75726,85632,3,1,6,2,0,139,30,1
6417,67559,5595,2,1,2,3,0,138,32,1
987,4388,22,0,0,1,0,1,17,44,0
3256,76387,76055,4,1,6,4,0,157,33,1
7103,8832,67257,3,1,4,1,0,166,46,1
496,145,2066,0,0,0,0,1,38,48,0
516,28,3141,0,0,0,0,1,87,15,0
32,232,2033,0,0,0,0,1,52,11,0
360,1809,97,0,0,1,0,1,72,6,0
1901,42196,70054,1,1,7,2,0,64,69,1
683,2965,4146,0,0,1,0,1,9,13,0
962,814,1577,0,0,0,0,1,71,46,0
9274,18107,37376,4,0,8,1,0,181,36,1
1044,28345,68745,2,1,9,2,0,91,57,1
784,2076,3716,0,0,1,0,1,99,21,0
2436,55717,34483,2,1,3,4,0,102,79,1
2094,72657,61030,3,1,7,3,0,150,36,1
694,4688,1206,0,0,0,0,1,2,14,0
9881,73475,45643,4,0,3,1,0,146,97,1
663,4549,541,0,0,1,0,1,54,17,0
3158,75268,68668,1,1,6,2,0,65,97,1
1325,5534,59225,4,0,3,4,0,54,40,1
4862,88308,40790,3,1,4,2,0,74,84,1
5321,81325,37214,1,0,2,1,0,145,77,1
175,2175,900,0,0,1,0,1,89,19,0
769,1460,2971,0,0,1,0,1,8,37,0
414,3449,2475,0,0,0,0,1,99,22,0
1375,99342,26602,2,0,8,4,0,144,87,1
3547,44263,26400,3,1,5,4,0,192,79,1
5479,79231,26359,3,0,7,3,0,111,22,1
710,2265,3602,0,0,0,0,1,5,39,0
459,768,243,0,0,1,0,1,59,31,0
891,4242,2494,0,0,1,0,1,63,45,0
577,4415,916,0,0,1,0,1,64,11,0
133,2946,4627,0,0,1,0,1,1,6,0
6231,6936,10147,3,1,6,3,0,104,91,1
8192,24423,95467,1,0,9,3,0,165,30,1
3843,64838,43090,2,0,4,3,0,189,89,1
7937,75821,24558,2,1,4,2,0,156,84,1
105,899,4555,0,0,0,0,1,7,36,0
1089,60739,76776,2,0,6,2,0,175,58,1
5282,68752,14079,1,0,5,3,0,172,81,1
2371,35699,78927,4,1,2,3,0,132,59,1
7681,45522,6313,4,0,8,4,0,136,44,1
9989,29503,37317,1,0,2,4,0,53,62,1
907,2234,1284,0,0,1,0,1,85,21,0
1215,16620,87315,2,1,9,3,0,135,96,1
823,4969,1154,0,0,0,0,1,93,47,0
27,125,3923,0,0,0,0,1,95,16,0
6505,99774,44993,2,0,5,4,0,118,26,1
8769,42661,64789,1,0,7,2,0,95,92,1
4565,38785,68079,3,1,5,4,0,103,82,1
232,4451,2171,0,0,1,0,1,54,26,0
195,4120,407,0,0,1,0,1,20,19,0
690,806,3081,0,0,0,0,1,27,40,0
5078,71708,16801,1,1,5,3,0,111,34,1
7448,14111,33036,1,1,8,3,0,70,35,1
9979,49354,99276,1,0,3,3,0,160,51,1
7578,28331,26301,3,0,3,1,0,62,86,1
252,4491,2130,0,0,0,0,1,18,27,0
189,1250,3897,0,0,1,0,1,50,32,0
5155,76091,25269,2,1,4,2,0,191,65,1
2015,89431,17446,1,0,7,4,0,102,75,1
366,1574,1900,0,0,1,0,1,85,13,0
489,2541,1549,0,0,1,0,1,13,18,0
446,3042,4878,0,0,0,0,1,84,24,0
4398,92985,21704,1,1,6,4,0,161,48,1
8265,41931,98102,3,0,2,3,0,63,90,1
4296,20339,85986,3,1,9,1,0,85,21,1
3669,92968,70602,1,1,8,4,0,76,38,1
914,4286,74,0,0,1,0,1,88,47,0
719,2296,3568,0,0,0,0,1,29,21,0
492,4675,3190,0,0,1,0,1,38,12,0
6586,95369,39318,4,1,8,4,0,98,36,1
1244,47137,91373,1,0,3,3,0,107,66,1
842,277,1243,0,0,1,0,1,46,14,0
878,4202,2203,0,0,0,0,1,28,15,0
911,3241,2196,0,0,0,0,1,83,23,0
7996,31505,43231,4,0,4,2,0,146,55,1
789,1466,935,0,0,0,0,1,66,9,0
303,2872,2661,0,0,0,0,1,24,35,0
829,600,3610,0,0,1,0,1,66,40,0
203,738,2990,0,0,0,0,1,65,34,0
525,165,4874,0,0,1,0,1,65,5,0
397,4681,4283,0,0,1,0,1,25,7,0
300,886,1753,0,0,1,0,1,46,10,0
782,1077,2979,0,0,1,0,1,74,36,0
8211,54156,22548,4,0,5,2,0,122,90,1
7358,12837,14215,4,0,2,2,0,62,29,1
708,21,645,0,0,0,0,1,45,27,0
166,2896,597,0,0,1,0,1,33,5,0
872,2162,1136,0,0,0,0,1,36,14,0
3240,29054,81230,1,0,2,2,0,191,30,1
2465,94126,6214,3,1,2,1,0,153,67,1
106,3136,3638,0,0,1,0,1,82,31,0
1464,77902,18303,3,0,5,2,0,106,41,1
5922,24790,44500,4,1,9,3,0,112,61,1
607,4820,4882,0,0,1,0,1,42,36,0
2985,52631,59943,3,1,2,4,0,57,59,1
8450,93578,22322,2,0,6,1,0,62,56,1
437,1901,3138,0,0,0,0,1,25,28,0
1016,93177,12170,3,0,2,2,0,184,42,1
6983,57057,8749,1,0,2,3,0,136,87,1
491,885,905,0,0,1,0,1,58,16,0
4998,63502,14336,2,1,9,3,0,153,63,1
438,1120,4954,0,0,0,0,1,91,39,0
2478,73416,52356,1,0,6,1,0,92,70,1
3387,44619,38123,1,0,4,1,0,62,92,1
883,2912,1584,0,0,0,0,1,10,11,0
772,713,3868,0,0,1,0,1,77,27,0
1279,30739,42528,2,0,5,4,0,91,22,1
2367,63232,56360,4,1,2,4,0,76,78,1
263,2120,4940,0,0,1,0,1,87,11,0
957,4858,4850,0,0,0,0,1,24,42,0
4159,43523,55468,1,0,6,4,0,79,54,1
89,1596,1404,0,0,1,0,1,75,39,0
587,1265,1974,0,0,0,0,1,96,15,0
6476,85908,81086,3,1,4,1,0,112,86,1
5873,14344,67888,4,0,9,4,0,157,84,1
9044,57428,61058,2,0,5,4,0,183,81,1
372,774,845,0,0,1,0,1,52,22,0
703,1925,669,0,0,1,0,1,57,11,0
957,3521,4875,0,0,0,0,1,29,26,0
509,4158,3943,0,0,0,0,1,68,20,0
154,1301,3029,0,0,1,0,1,6,30,0
143,2891,3503,0,0,0,0,1,22,24,0
130,2000,311,0,0,0,0,1,34,36,0
15,2050,1376,0,0,0,0,1,46,24,0
252,2081,2779,0,0,1,0,1,21,9,0
504,519,343,0,0,1,0,1,67,32,0
6480,24867,53037,4,1,6,2,0,78,37,1
214,2382,4713,0,0,1,0,1,88,36,0
3809,74093,20357,1,1,8,1,0,136,27,1
337,688,4895,0,0,1,0,1,87,12,0
79,1016,2105,0,0,0,0,1,29,42,0
684,1708,4724,0,0,0,0,1,51,16,0
977,4133,4501,0,0,1,0,1,60,8,0
9107,42122,47399,4,0,7,1,0,178,87,1
5713,37924,25750,4,0,2,3,0,54,37,1
5054,54294,69994,2,0,3,3,0,160,37,1
744,1604,2390,0,0,1,0,1,94,43,0
7559,60934,81298,3,1,4,3,0,107,68,1
5563,43799,31572,1,0,2,1,0,177,20,1
18,2139,659,0,0,1,0,1,77,22,0
4624,71606,13804,2,0,9,2,0,158,33,1
927,804,4244,0,0,0,0,1,43,23,0
134,4632,4403,0,0,0,0,1,28,13,0
89,1709,612,0,0,0,0,1,19,21,0
164,3104,671,0,0,0,0,1,76,31,0
2773,5755,73045,2,0,3,3,0,74,24,1
487,2930,2421,0,0,1,0,1,91,12,0
791,3500,2743,0,0,0,0,1,32,5,0
8966,45633,5028,3,1,9,2,0,121,86,1
782,3920,78,0,0,0,0,1,13,45,0
3757,41713,32909,4,1,8,3,0,143,33,1
871,4613,661,0,0,0,0,1,87,48,0
492,2766,3953,0,0,0,0,1,9,29,0
6275,56287,58028,1,0,3,1,0,142,43,1
5362,18440,16110,2,1,5,2,0,55,57,1
9737,92876,10609,4,0,9,2,0,190,56,1
226,4167,1067,0,0,1,0,1,69,18,0
731,3389,1560,0,0,0,0,1,76,43,0
2357,98851,80828,1,1,3,2,0,129,91,1
553,4854,4783,0,0,0,0,1,78,20,0
5883,87643,54434,2,1,7,1,0,141,67,1
814,409,2990,0,0,1,0,1,79,27,0
6338,81425,24462,1,1,9,1,0,145,31,1
1790,6407,12957,2,0,2,2,0,94,57,1
740,2421,359,0,0,1,0,1,91,40,0
217,2324,3072,0,0,1,0,1,61,19,0
415,419,4815,0,0,1,0,1,93,30,0
792,2679,1638,0,0,1,0,1,61,39,0
5661,98794,68645,2,0,9,4,0,95,55,1
3181,54355,44385,3,0,8,1,0,194,98,1
7568,98627,25991,2,1,5,4,0,190,57,1
9911,70886,84731,1,0,2,4,0,145,59,1
928,2657,4481,0,0,0,0,1,76,21,0
9861,40268,97934,1,0,5,1,0,163,94,1
6953,37363,71060,2,1,2,1,0,136,22,1
279,914,1884,0,0,0,0,1,47,20,0
779,1603,891,0,0,1,0,1,49,11,0
7331,55017,25183,1,1,4,2,0,104,29,1
9976,27884,66554,4,0,5,3,0,180,54,1
99,404,1989,0,0,1,0,1,97,15,0
5758,36099,75246,2,0,4,4,0,157,81,1
2161,61398,65726,3,1,9,1,0,190,85,1
8481,85052,49143,1,1,9,1,0,58,27,1
470,1386,3493,0,0,1,0,1,27,8,0
2181,76116,50890,1,1,7,4,0,155,83,1
473,2461,2708,0,0,1,0,1,89,20,0
7297,15386,44131,1,1,9,1,0,96,59,1
2404,91442,53291,3,0,9,1,0,171,79,1
7232,91292,24252,1,0,6,3,0,82,67,1
7869,95545,80403,4,0,8,4,0,192,39,1
347,2241,687,0,0,0,0,1,29,11,0
4768,99202,82924,4,0,2,4,0,65,64,1
112,1248,444,0,0,0,0,1,34,16,0
383,4521,3696,0,0,0,0,1,78,4,0
1271,69817,13123,2,1,2,4,0,185,25,1
619,4785,3015,0,0,1,0,1,19,10,0
805,4178,352,0,0,0,0,1,3,32,0
7414,84026,80536,2,1,3,4,0,175,46,1
749,4926,593,0,0,1,0,1,10,32,0
1026,73369,9381,2,1,4,3,0,97,79,1
1404,32594,42841,3,0,6,3,0,137,22,1
957,1673,3848,0,0,1,0,1,26,7,0
856,1574,3453,0,0,0,0,1,13,6,0
393,1355,2813,0,0,0,0,1,65,42,0
1691,71900,52779,4,0,5,3,0,141,39,1
3306,50337,20332,3,0,4,2,0,75,73,1
45,4425,542,0,0,1,0,1,84,39,0
6731,36331,99192,1,1,4,2,0,190,93,1
3460,32304,16907,3,1,5,4,0,119,25,1
758,375,702,0,0,1,0,1,6,49,0
4020,53773,48890,4,1,8,4,0,136,72,1
75,3223,4941,0,0,0,0,1,22,10,0
2462,56012,30008,3,0,6,2,0,95,72,1
2986,13738,27398,3,1,3,1,0,93,36,1
5131,69148,50717,1,1,6,1,0,141,51,1
5524,22143,80235,1,0,2,4,0,51,51,1
9876,74351,69510,3,0,3,2,0,135,62,1
1571,33690,7017,3,0,2,1,0,173,81,1
8707,21453,32818,4,1,4,1,0,118,89,1
3721,13609,49527,4,0,4,2,0,83,82,1
505,3741,3920,0,0,0,0,1,38,14,0
8915,78690,40321,3,0,2,2,0,186,37,1
47,2156,1364,0,0,1,0,1,88,30,0
372,1949,2267,0,0,0,0,1,51,34,0
7998,8089,44451,4,0,6,2,0,178,86,1
934,3526,685,0,0,1,0,1,23,17,0
5239,27738,5727,4,0,4,1,0,76,88,1
90,3453,3062,0,0,1,0,1,30,30,0
555,3224,1091,0,0,1,0,1,93,22,0
40,1296,918,0,0,0,0,1,68,15,0
6882,68749,88029,2,1,6,3,0,61,77,1
5797,41307,9532,2,0,8,2,0,127,43,1
961,1304,2044,0,0,1,0,1,27,29,0
2881,50254,77233,1,0,2,3,0,129,46,1
8977,44752,78169,2,0,4,2,0,142,61,1
3263,78606,48822,2,1,6,4,0,67,57,1
957,671,1993,0,0,0,0,1,32,6,0
4899,61116,47879,4,0,3,1,0,188,66,1
6452,77015,54853,1,0,3,1,0,187,42,1
46,1458,3897,0,0,0,0,1,57,38,0
6454,36213,16953,2,0,4,3,0,179,71,1
2409,33412,84732,1,1,3,3,0,114,34,1
566,2814,1269,0,0,0,0,1,81,13,0
230,1976,3249,0,0,1,0,1,72,31,0
860,3120,148,0,0,0,0,1,36,18,0
6398,67515,44220,2,0,7,1,0,143,98,1
170,2762,1367,0,0,1,0,1,11,38,0
9313,15024,34283,3,0,7,1,0,119,97,1
3350,77903,53632,1,0,9,3,0,165,81,1
7080,68044,31849,1,0,6,4,0,110,24,1
614,4158,1927,0,0,0,0,1,16,30,0
1969,77394,64412,2,1,2,1,0,197,43,1
2916,80645,19706,3,0,7,1,0,55,76,1
6929,56272,20620,2,1,2,3,0,135,48,1
878,2806,4259,0,0,1,0,1,66,8,0
676,2635,4431,0,0,1,0,1,86,28,0
7106,92838,31498,2,1,5,3,0,137,35,1
934,2255,3215,0,0,1,0,1,9,48,0
1378,65186,79656,1,0,6,1,0,182,66,1
530,4116,1687,0,0,1,0,1,42,44,0
5818,9150,21939,4,0,5,4,0,170,20,1
3601,34113,32472,2,1,2,4,0,107,79,1
559,628,651,0,0,1,0,1,55,47,0
639,1639,4131,0,0,0,0,1,84,32,0
2577,29099,40929,2,0,8,2,0,170,72,1
671,1314,4565,0,0,1,0,1,28,2,0
1622,86515,40507,1,0,9,1,0,66,28,1
8657,29600,43328,2,0,3,4,0,133,22,1
9531,40450,15450,1,0,9,2,0,177,25,1
489,1062,1208,0,0,0,0,1,53,35,0
98,3156,3036,0,0,0,0,1,81,13,0
153,2667,3697,0,0,1,0,1,67,19,0
4161,90178,5834,2,1,3,3,0,151,44,1
8995,48481,34332,2,1,4,4,0,112,85,1
833,3363,4200,0,0,0,0,1,97,43,0
9033,61523,83082,3,1,6,1,0,185,28,1
658,3860,1577,0,0,0,0,1,26,49,0
980,1555,3976,0,0,0,0,1,83,45,0
8236,11130,98220,2,1,8,1,0,149,37,1
3014,44041,78474,4,0,9,2,0,58,55,1
418,3086,125,0,0,1,0,1,45,10,0
2030,57611,25539,4,0,8,1,0,198,42,1
5703,74526,15619,4,0,6,1,0,99,21,1
152,2203,285,0,0,0,0,1,38,21,0
407,2848,4135,0,0,1,0,1,80,35,0
4440,17467,63436,2,0,5,2,0,178,51,1
431,4346,301,0,0,0,0,1,10,12,0
5677,91072,49722,2,0,3,4,0,180,90,1
511,3983,963,0,0,0,0,1,41,5,0
9750,37427,12265,2,1,9,1,0,101,69,1
392,2397,4033,0,0,1,0,1,62,2,0
3172,76216,87867,4,1,4,1,0,147,97,1
8493,8240,70140,3,0,2,2,0,184,33,1
116,3726,3009,0,0,1,0,1,76,1,0
592,1531,2740,0,0,0,0,1,26,31,0
456,4616,161,0,0,1,0,1,8,15,0
4560,91704,24665,1,1,3,4,0,150,67,1
751,1107,2400,0,0,1,0,1,57,47,0
240,5,3173,0,0,0,0,1,94,34,0
7222,90936,30988,4,1,5,2,0,65,95,1
450,4179,3669,0,0,1,0,1,36,23,0
624,2190,1286,0,0,1,0,1,10,16,0
402,1970,1243,0,0,1,0,1,35,37,0
3925,40371,14190,3,1,9,3,0,106,61,1
472,4757,363,0,0,1,0,1,92,26,0
921,3644,1925,0,0,1,0,1,87,48,0
5932,63754,86110,1,1,7,1,0,57,48,1
484,117,3553,0,0,1,0,1,33,12,0
2689,32105,15100,4,0,3,1,0,93,40,1
73,1040,269,0,0,0,0,1,36,4,0
258,4027,2545,0,0,1,0,1,65,15,0
5270,61463,61022,2,1,7,3,0,84,53,1
2412,86914,28769,4,1,2,2,0,192,86,1
2301,8407,91669,1,1,5,2,0,194,93,1
1913,70220,98410,4,1,7,2,0,135,67,1
6077,82994,92458,2,0,2,2,0,136,28,1
5769,31327,95937,3,0,2,2,0,126,88,1
1734,24881,86787,2,1,2,4,0,82,66,1
3170,93074,42755,2,0,4,1,0,52,24,1
53,385,2665,0,0,0,0,1,60,48,0
9802,72038,17879,1,0,6,4,0,105,45,1
421,3999,1171,0,0,0,0,1,87,9,0
7115,98944,99968,4,0,4,3,0,151,52,1
556,1828,2875,0,0,0,0,1,90,44,0
655,130,2837,0,0,0,0,1,6,3,0
435,1015,1560,0,0,1,0,1,99,40,0
251,3117,3178,0,0,1,0,1,59,1,0
674,1828,448,0,0,0,0,1,28,35,0
3895,86132,12847,2,1,5,1,0,117,86,1
967,935,258,0,0,0,0,1,65,41,0
8465,15725,75404,4,1,4,2,0,159,27,1
4676,60390,41901,4,1,2,2,0,69,58,1
4605,56638,78970,4,0,3,1,0,158,28,1
6982,7892,59469,1,0,7,2,0,154,64,1
6882,82129,69919,2,0,4,2,0,197,25,1
7040,82527,72906,3,0,2,3,0,156,48,1
9572,45325,54692,1,0,3,2,0,118,64,1
7054,81102,39840,1,0,2,2,0,109,81,1
364,4873,4073,0,0,0,0,1,48,30,0
2191,27821,50836,1,0,3,4,0,123,26,1
9713,45096,49678,4,1,5,3,0,183,31,1
6308,22106,94876,1,1,2,3,0,68,85,1
1923,72081,51694,3,1,6,4,0,126,98,1
7637,8127,46034,3,0,4,3,0,184,90,1
4332,44132,73322,3,0,4,2,0,145,29,1
9302,36556,33840,4,1,6,2,0,74,42,1
9465,76558,45097,2,0,9,4,0,75,95,1
288,3810,4351,0,0,1,0,1,22,48,0
8867,87428,33942,1,0,7,4,0,136,87,1
5232,34140,6582,3,0,8,4,0,58,76,1
8943,43285,9055,3,0,9,2,0,164,65,1
4793,95054,84622,2,0,6,4,0,68,48,1
906,3719,4768,0,0,0,0,1,5,34,0
219,920,3988,0,0,1,0,1,48,15,0
1588,47470,14490,3,1,8,1,0,109,56,1
6089,51762,44462,4,1,3,1,0,78,91,1
416,884,2547,0,0,1,0,1,41,5,0
8797,65282,71344,2,1,8,1,0,118,46,1
2893,6269,15195,2,0,9,3,0,109,44,1
922,2056,4364,0,0,1,0,1,18,16,0
884,826,1716,0,0,0,0,1,20,24,0
703,934,521,0,0,1,0,1,19,3,0
3381,53570,74603,2,1,9,3,0,75,66,1
6540,18515,81870,4,1,6,2,0,79,39,1
7646,10636,76805,4,1,7,3,0,123,35,1
5039,98054,97227,2,1,8,1,0,197,63,1
1547,78181,96417,4,0,7,4,0,192,90,1
1298,81411,51691,3,1,7,2,0,78,40,1
4510,47292,39550,4,0,2,1,0,130,96,1
7533,35225,26059,2,1,3,3,0,132,84,1
5086,46950,12610,3,1,4,1,0,157,67,1
1798,99952,15707,3,1,9,1,0,93,32,1
6037,57409,42420,2,0,9,3,0,156,67,1
7957,53784,75968,2,0,3,2,0,110,63,1
8607,93416,23653,2,0,8,2,0,169,44,1
1066,84380,79777,4,1,4,2,0,55,69,1
5284,70242,13314,2,1,2,4,0,174,60,1
717,825,137,0,0,0,0,1,55,6,0
696,38,3359,0,0,1,0,1,73,27,0
7543,51041,69922,3,0,4,4,0,157,99,1
6718,33481,57389,3,0,9,4,0,86,20,1
664,1136,3631,0,0,0,0,1,59,31,0
768,4484,3754,0,0,1,0,1,10,46,0
619,60,4182,0,0,0,0,1,19,21,0
3229,44779,25981,4,0,3,3,0,97,70,1
4346,68217,44390,3,0,4,2,0,165,50,1
8389,26120,12526,1,1,6,2,0,134,97,1
8940,92173,10577,2,1,2,3,0,102,47,1
681,40,241,0,0,1,0,1,68,10,0
2859,6552,72819,1,0,8,4,0,177,67,1
775,3028,4719,0,0,1,0,1,72,15,0
8454,94242,29398,3,0,4,3,0,156,32,1
1893,15748,92640,1,0,2,2,0,102,64,1
675,1218,3959,0,0,1,0,1,74,42,0
1918,33948,82028,2,0,4,3,0,199,94,1
9226,93559,26304,3,0,2,1,0,109,76,1
992,4802,689,0,0,1,0,1,32,17,0
6565,32445,49912,2,0,4,1,0,144,97,1
821,2947,4396,0,0,1,0,1,12,22,0
7940,24572,9042,4,1,8,3,0,127,69,1
569,2711,714,0,0,0,0,1,66,40,0
2802,63095,61655,2,1,7,3,0,171,55,1
412,1380,2563,0,0,1,0,1,36,22,0
510,515,2361,0,0,1,0,1,87,16,0
8349,34992,49460,3,0,2,3,0,198,21,1
5994,92096,88096,1,0,9,2,0,168,86,1
4340,74202,66313,3,1,2,3,0,77,24,1
475,1855,4948,0,0,1,0,1,19,9,0
2677,13605,45167,4,1,3,3,0,110,85,1
4939,58364,79308,2,1,3,1,0,110,84,1
654,846,3712,0,0,1,0,1,50,20,0
419,1205,3719,0,0,1,0,1,85,15,0
795,556,499,0,0,1,0,1,1,6,0
251,1823,4948,0,0,1,0,1,85,29,0
226,3572,4725,0,0,1,0,1,86,9,0
779,795,4835,0,0,0,0,1,59,17,0
5567,11743,37826,1,1,3,2,0,135,35,1
9362,26584,91322,1,0,8,2,0,164,81,1
7308,75456,66720,4,1,9,1,0,186,63,1
5645,10470,36225,3,0,3,2,0,130,48,1
434,2983,4083,0,0,0,0,1,79,24,0
8325,84955,6541,2,1,2,2,0,162,82,1
392,46,1827,0,0,0,0,1,98,40,0
2391,55577,80791,1,0,8,3,0,154,87,1
675,89,3690,0,0,1,0,1,83,11,0
9488,54316,80839,4,0,2,3,0,62,38,1
848,1913,2179,0,0,0,0,1,40,12,0
515,3760,1724,0,0,0,0,1,73,21,0
401,3266,3081,0,0,1,0,1,43,15,0
68,2403,1449,0,0,0,0,1,74,15,0
1382,12194,71394,3,0,5,1,0,183,54,1
5623,9137,55715,4,0,9,4,0,199,74,1
877,3432,1766,0,0,1,0,1,13,9,0
685,3186,819,0,0,1,0,1,6,2,0
2907,82004,13399,4,0,6,3,0,131,21,1
7781,72684,49377,1,0,5,4,0,152,62,1
531,273,1011,0,0,0,0,1,49,41,0
879,1312,1836,0,0,0,0,1,63,49,0
899,3,1637,0,0,0,0,1,8,5,0
838,4123,1058,0,0,0,0,1,15,8,0
2032,95697,63032,4,1,7,2,0,174,65,1
58,4533,4703,0,0,1,0,1,54,16,0
8347,50156,73653,1,0,6,4,0,120,89,1
330,2219,1026,0,0,1,0,1,6,4,0
3938,89335,6524,4,1,6,4,0,83,40,1
3644,96493,94630,1,0,4,3,0,196,91,1
658,3507,1868,0,0,1,0,1,69,42,0
854,4916,1845,0,0,1,0,1,71,23,0
397,2482,340,0,0,0,0,1,39,25,0
6810,13949,10424,1,1,8,3,0,195,40,1
967,4858,1931,0,0,1,0,1,38,15,0
268,4090,2546,0,0,0,0,1,17,22,0
2366,79160,18362,2,1,8,4,0,139,69,1
8697,97905,55387,4,0,9,3,0,74,89,1
1886,43367,73359,2,0,4,1,0,73,92,1
2784,98122,68248,2,0,2,1,0,68,92,1
973,3587,2160,0,0,0,0,1,96,49,0
4981,25045,38332,1,1,9,4,0,67,73,1
9448,38313,11041,3,1,2,2,0,157,68,1
245,74,2708,0,0,0,0,1,74,40,0
6187,47462,61247,2,0,3,4,0,126,38,1
273,1358,3369,0,0,0,0,1,43,10,0
3365,63031,64635,3,0,9,3,0,73,95,1
87,510,306,0,0,0,0,1,56,31,0
7638,73367,45857,4,1,4,1,0,183,44,1
2170,28889,14472,1,1,9,2,0,93,93,1
255,2901,3565,0,0,0,0,1,58,8,0
815,4212,2334,0,0,0,0,1,95,34,0
206,3735,703,0,0,0,0,1,86,10,0
189,3387,867,0,0,1,0,1,9,13,0
795,4749,2190,0,0,1,0,1,56,23,0
75,3738,4697,0,0,1,0,1,68,5,0
9151,42394,48162,3,0,2,2,0,171,39,1
713,3511,2336,0,0,1,0,1,81,6,0
146,2349,3351,0,0,1,0,1,71,29,0
7947,56588,86029,3,0,6,1,0,133,99,1
897,3845,2634,0,0,0,0,1,63,1,0
3212,47863,25823,2,1,6,4,0,65,22,1
129,2626,3097,0,0,0,0,1,91,17,0
4183,64643,78366,1,0,2,4,0,52,63,1
7124,32160,22509,1,0,7,3,0,97,84,1
4957,35935,28610,3,1,7,3,0,100,36,1
6818,70439,20882,3,1,4,2,0,169,43,1
8876,42045,39160,1,0,6,4,0,75,99,1
452,3310,4917,0,0,1,0,1,39,32,0
6840,42500,86434,3,1,8,2,0,70,58,1
568,4455,4736,0,0,0,0,1,1,35,0
3173,13418,56952,1,0,9,4,0,66,49,1
496,1065,1692,0,0,1,0,1,55,43,0
9,4904,2772,0,0,0,0,1,93,7,0
733,645,4114,0,0,0,0,1,44,21,0
502,1169,128,0,0,0,0,1,54,48,0
6622,86297,31140,3,1,3,4,0,113,61,1
921,2737,1013,0,0,0,0,1,67,8,0
98,2713,2368,0,0,0,0,1,76,27,0
956,4805,2520,0,0,1,0,1,73,3,0
7681,13417,85021,3,1,3,3,0,62,90,1
1228,54476,40739,4,1,6,3,0,172,78,1
5435,97969,93877,4,0,7,4,0,62,24,1
6672,84183,43826,2,0,9,3,0,196,23,1
304,4501,2849,0,0,0,0,1,47,6,0
9411,5654,77377,4,0,7,1,0,102,75,1
5290,9136,67574,2,0,7,1,0,78,31,1
5713,20479,30022,3,1,3,3,0,123,46,1
6798,26672,22194,4,0,2,3,0,96,90,1
5368,68288,5769,4,1,4,2,0,66,92,1
8036,85691,85729,3,0,7,3,0,127,50,1
8362,62204,66192,4,0,4,4,0,66,36,1
748,4289,1388,0,0,1,0,1,77,42,0
21,1823,4611,0,0,1,0,1,65,28,0
272,1591,475,0,0,1,0,1,79,8,0
662,236,767,0,0,0,0,1,69,32,0
5321,71543,45736,3,1,3,3,0,181,71,1
1813,93370,40983,1,1,5,2,0,59,41,1
7726,18403,55539,4,1,9,3,0,96,56,1
9938,93657,88565,4,1,8,2,0,94,47,1
389,760,4356,0,0,1,0,1,55,13,0
7365,51330,91489,1,1,6,3,0,51,31,1
0,3610,4530,0,0,1,0,1,47,3,0
341,4853,4854,0,0,0,0,1,94,23,0
3646,83840,66954,4,1,6,4,0,75,28,1
880,3111,2810,0,0,0,0,1,92,15,0
957,2038,3371,0,0,1,0,1,13,14,0
458,2152,2335,0,0,0,0,1,54,28,0
197,4910,3179,0,0,0,0,1,75,7,0
830,215,1573,0,0,1,0,1,69,41,0
919,417,2102,0,0,1,0,1,57,40,0
8382,85583,79233,4,0,7,1,0,148,24,1
98,4007,4181,0,0,0,0,1,46,14,0
229,4569,2014,0,0,0,0,1,97,4,0
661,2756,2920,0,0,1,0,1,9,8,0
284,3959,685,0,0,0,0,1,97,16,0
3741,59800,35297,4,0,3,1,0,182,28,1
5534,16332,76218,3,1,2,3,0,53,88,1
6247,40709,83929,2,0,4,3,0,94,29,1
3887,7429,81407,1,1,2,4,0,151,96,1
657,1887,4998,0,0,1,0,1,32,37,0
3949,94044,76629,1,1,2,3,0,110,40,1
5248,77107,34504,3,0,8,2,0,169,45,1
2133,75601,23256,2,0,5,1,0,151,87,1
313,4150,788,0,0,0,0,1,69,21,0
8118,19116,9782,4,1,9,3,0,168,76,1
335,1165,514,0,0,0,0,1,32,6,0
7,917,3200,0,0,1,0,1,71,10,0
857,1160,3232,0,0,0,0,1,82,25,0
5225,19457,85373,2,1,8,2,0,72,82,1
144,1439,1125,0,0,1,0,1,66,35,0
379,2108,1855,0,0,0,0,1,15,22,0
6428,82814,76749,4,0,3,1,0,69,73,1
7691,43885,61630,2,1,9,2,0,59,27,1
638,3430,2139,0,0,1,0,1,80,46,0
1926,5153,16437,3,1,4,4,0,112,24,1
744,3695,4485,0,0,1,0,1,49,42,0
7079,84315,86218,1,1,2,3,0,51,27,1
647,2506,943,0,0,0,0,1,67,45,0
760,987,2947,0,0,0,0,1,3,1,0
317,3530,1014,0,0,0,0,1,88,3,0
308,1668,1082,0,0,1,0,1,88,9,0
8680,28777,28097,2,1,6,4,0,175,78,1
515,2143,1960,0,0,0,0,1,39,12,0
4866,6996,25002,1,0,7,2,0,67,42,1
386,3597,3416,0,0,1,0,1,67,30,0
667,4044,2976,0,0,0,0,1,41,48,0
3575,91437,21559,1,0,5,1,0,154,29,1
119,3281,2493,0,0,0,0,1,54,18,0
98,3329,546,0,0,1,0,1,92,19,0
5086,58910,74959,3,1,2,3,0,71,67,1
6296,9951,96656,4,0,8,1,0,93,73,1
928,3281,2601,0,0,0,0,1,4,36,0
524,3111,2528,0,0,0,0,1,61,45,0
2539,27785,34545,4,1,8,3,0,192,47,1
3371,46662,15929,4,1,4,1,0,158,61,1
14,55,1316,0,0,0,0,1,96,13,0
2515,20123,85378,1,1,2,2,0,126,69,1
414,3201,4479,0,0,1,0,1,66,39,0
2269,8228,26576,1,1,7,4,0,122,32,1
1171,42860,47968,2,1,7,3,0,180,72,1
561,4138,2040,0,0,1,0,1,96,32,0
6911,60044,31287,4,0,6,3,0,72,79,1
763,3325,769,0,0,1,0,1,99,40,0
8269,65241,73178,2,1,6,1,0,102,89,1
219,4277,3679,0,0,1,0,1,13,31,0
791,4143,1742,0,0,1,0,1,79,46,0
7915,96960,80761,1,0,9,3,0,169,53,1
3581,88658,36819,2,0,6,1,0,99,74,1
7322,63655,73049,1,0,5,1,0,121,64,1
5654,97990,56134,3,1,5,1,0,149,61,1
6593,98254,94051,2,1,2,3,0,90,82,1
6599,13433,35562,2,1,5,3,0,106,37,1
341,1453,3959,0,0,0,0,1,73,44,0
4440,9379,42387,2,1,9,4,0,189,29,1
9376,16397,58463,2,1,3,3,0,61,96,1
